Time [s],Current(PhaseA) [A],Current(PhaseB) [A],Current(PhaseC) [A],Moving1.Position [deg],Moving1.Torque [NewtonMeter],Moving1.Speed [rpm]
0.25,2.036318284,0.067903436,-2.10422172,195.4861274,1.30813936,2794.132557
0.2505,1.814265738,0.429337605,-2.243603343,203.86823,1.29208719,2793.906866
0.251,1.538060522,0.799080831,-2.337141354,212.2497834,1.34847149,2793.896012
0.2515,1.23131718,1.147877063,-2.379194243,220.6318604,1.339368056,2794.139493
0.252,0.915654428,1.442004114,-2.357658541,229.0143039,1.289218139,2794.06652
0.2525,0.569727532,1.720858653,-2.290586185,237.3962235,1.332844114,2793.95744
0.253,0.190433473,1.979168448,-2.169601922,245.7782921,1.334687027,2794.091927
0.2535,-0.189605488,2.156991579,-1.967386091,254.1605758,1.29551496,2794.027156
0.254,-0.552498718,2.276296649,-1.723797931,262.542322,1.310050563,2793.82933
0.2545,-0.92028726,2.360913893,-1.440626633,270.9238651,1.35409414,2793.944832
0.255,-1.249982093,2.376473517,-1.126491424,279.3060121,1.313742077,2794.08142
0.2555,-1.53503118,2.343675396,-0.808644216,287.6880558,1.298510208,2793.920219
0.256,-1.814602631,2.25921626,-0.444613629,296.0697093,1.346765245,2793.934905
0.2565,-2.044724698,2.105293036,-0.060568338,304.4517774,1.319305534,2794.061733
0.257,-2.203264137,1.894977638,0.3082865,312.8337773,1.290300352,2793.886208
0.2575,-2.308046975,1.631165776,0.676881199,321.2151714,1.333895879,2793.787512
0.258,-2.374572006,1.337172934,1.037399072,329.5968154,1.348643584,2794.001825
0.2585,-2.368204971,1.021927032,1.346277939,337.978985,1.296818066,2794.018762
0.259,-2.319536198,0.691285597,1.628250601,346.3607759,1.320383118,2793.883566
0.2595,-2.222511571,0.319022079,1.903489492,354.7425207,1.340624108,2793.982618
0.26,-2.035587687,-0.066707731,2.102295418,3.124581375,1.303398706,2793.991472
0.2605,-1.812932026,-0.428690183,2.241622209,11.50623004,1.29606184,2793.760868
0.261,-1.538696539,-0.80013318,2.338829719,19.88740743,1.352278751,2793.791112
0.2615,-1.232070394,-1.14655146,2.378621854,28.26917747,1.333310615,2794.022118
0.262,-0.916396332,-1.439847454,2.356243786,36.65121157,1.290802574,2793.924552
0.2625,-0.568881003,-1.722519768,2.291400772,45.03275091,1.338403235,2793.853115
0.263,-0.190269891,-1.978771825,2.169041716,53.41452678,1.327451153,2793.978202
0.2635,0.188309996,-2.155307465,1.966997468,61.79638955,1.295271327,2793.872717
0.264,0.553386435,-2.275661715,1.72227528,70.17768629,1.313340375,2793.690436
0.2645,0.921932377,-2.362689297,1.44075692,78.55885349,1.355301296,2793.829477
0.265,1.247787105,-2.374991586,1.12720448,86.94064996,1.310623933,2793.955323
0.2655,1.534216284,-2.342035737,0.807819453,95.32231405,1.304660358,2793.809793
0.266,1.817727049,-2.261898165,0.444171115,103.7037131,1.348926237,2793.868631
0.2665,2.043243702,-2.103199956,0.059956254,112.085581,1.314802823,2793.982679
0.267,2.201230711,-1.893536012,-0.307694699,120.4672942,1.290157525,2793.781812
0.2675,2.309089844,-1.630510797,-0.678579047,128.8483895,1.337011377,2793.698535
0.268,2.374880959,-1.337221192,-1.037659767,137.2297962,1.348041333,2793.925966
0.2685,2.366100322,-1.021802081,-1.344298241,145.6117208,1.294874776,2793.928912
0.269,2.31824564,-0.688997676,-1.629247964,153.9932535,1.326515409,2793.815761
0.2695,2.222639799,-0.317993609,-1.904646191,162.3748594,1.340455879,2793.946575
0.27,2.034506439,0.066258031,-2.10076447,170.7567942,1.300445046,2793.938571
0.2705,1.811136228,0.429245292,-2.24038152,179.1382617,1.297870075,2793.701532
0.271,1.539408481,0.802143377,-2.341551859,187.5192962,1.35528956,2793.757362
0.2715,1.232207823,1.145108279,-2.377316102,195.9009641,1.327155772,2793.971389
0.272,0.916694269,1.439389274,-2.356083543,204.2827892,1.292576716,2793.850024
0.2725,0.567459898,1.724914124,-2.292374021,212.6641589,1.345024653,2793.823268
0.273,0.18916346,1.979746358,-2.168909818,221.0459123,1.326735393,2793.980032
0.2735,-0.18778215,2.153357391,-1.965575241,229.4277609,1.293018662,2793.85869
0.274,-0.55515941,2.275961956,-1.720802546,237.8090199,1.318665281,2793.692804
0.2745,-0.923422488,2.364342913,-1.440920425,246.1902485,1.354770869,2793.857639
0.275,-1.246057829,2.373506022,-1.127448193,254.5720937,1.304962827,2793.950428
0.2755,-1.534361001,2.339823823,-0.805462822,262.9537237,1.312381036,2793.815858
0.276,-1.820866702,2.264931681,-0.444064979,271.3352318,1.350422572,2793.924243
0.2765,-2.041691513,2.1008804,-0.059188888,279.7172429,1.307287996,2794.006347
0.277,-2.200215441,1.893030716,0.307184725,288.0989557,1.291861758,2793.774314
0.2775,-2.310747911,1.630140394,0.680607517,296.4800842,1.344015594,2793.737692
0.278,-2.37545986,1.337939569,1.037520291,304.8616548,1.3426291,2793.973962
0.2785,-2.365329525,1.022574087,1.342755438,313.2436546,1.292784542,2793.936865
0.279,-2.317486256,0.687057016,1.63042924,321.6252367,1.335470631,2793.860521
0.2795,-2.223776456,0.317551332,1.906225124,330.0070513,1.336366191,2794.017755
0.28,-2.033721993,-0.065280829,2.099002821,338.3891347,1.296402866,2793.966476
0.2805,-1.810490594,-0.429997366,2.24048796,346.7706754,1.303950042,2793.740409
0.281,-1.540436855,-0.803869627,2.344306482,355.1518748,1.352093619,2793.811932
0.2815,-1.23308258,-1.144115107,2.377197687,3.533639868,1.321064928,2793.97638
0.282,-0.914241586,-1.438031197,2.352272783,11.91544026,1.297384678,2793.848035
0.2825,-0.567026947,-1.727613379,2.294640326,20.29688805,1.351094037,2793.879662
0.283,-0.189256629,-1.979520361,2.16877699,28.67884611,1.321102305,2794.039166
0.2835,0.186161143,-2.151616094,1.965454952,37.0608102,1.292640624,2793.885827
0.284,0.556432886,-2.277210419,1.720777533,45.4421787,1.324653146,2793.750116
0.2845,0.923923407,-2.366110949,1.442187542,53.82360416,1.347362918,2793.907662
0.285,1.243998814,-2.373118111,1.129119297,62.20550428,1.30196923,2793.944813
0.2855,1.534640063,-2.339263857,0.804623793,70.58711125,1.317254309,2793.820181
0.286,1.823692072,-2.267840838,0.444148767,78.96868305,1.350134366,2793.95323
0.2865,2.039923926,-2.099452416,0.05952849,87.35075996,1.303868073,2794.015614
0.287,2.198978107,-1.892397148,-0.306580959,95.73248073,1.294987716,2793.781999
0.2875,2.312322422,-1.630407368,-0.681915053,104.1136802,1.346694769,2793.776582
0.288,2.376155337,-1.33913041,-1.037024927,112.495363,1.336385702,2793.993966
0.2885,2.364446607,-1.023650353,-1.340796254,120.8773508,1.291823848,2793.918233
0.289,2.317793321,-0.685409304,-1.632384017,129.2588786,1.337736927,2793.848724
0.2895,2.224790041,-0.317805305,-1.906984736,137.6406754,1.335118467,2794.011388
0.29,2.033714951,0.063985198,-2.097700149,146.0227187,1.294993801,2793.945827
0.2905,1.809466597,0.430650257,-2.240116854,154.4042031,1.307851814,2793.733015
0.291,1.541540219,0.804958278,-2.346498498,162.785422,1.352063972,2793.825327
0.2915,1.234325103,1.142352145,-2.376677248,171.167195,1.315080293,2793.957591
0.292,0.911579625,1.436826301,-2.348405926,179.548888,1.299879111,2793.810342
0.2925,0.567180421,1.730620248,-2.297800669,187.9302575,1.352657582,2793.863541
0.293,0.189895661,1.978564553,-2.168460214,196.3121653,1.317640953,2794.012829
0.2935,-0.184951148,2.150053904,-1.965102756,204.6939982,1.289862769,2793.825841
0.294,-0.557481345,2.278429389,-1.720948044,213.07519,1.330905765,2793.708432
0.2945,-0.924013953,2.367560002,-1.443546049,221.4565534,1.346665044,2793.895654
0.295,-1.24188131,2.37215674,-1.13027543,229.8383831,1.296954826,2793.902145
0.2955,-1.535153992,2.337734939,-0.802580947,238.2198343,1.322156525,2793.776641
0.296,-1.82567309,2.270601435,-0.444928345,246.601316,1.347970718,2793.924191
0.2965,-2.038861244,2.099123365,-0.060262122,254.9832598,1.299637594,2793.952139
0.297,-2.197564836,1.891201976,0.30636286,263.3647558,1.297138166,2793.706981
0.2975,-2.315049905,1.631446304,0.683603601,271.745784,1.352538565,2793.744115
0.298,-2.375856292,1.339872149,1.035984143,280.1273917,1.328871979,2793.95248
0.2985,-2.362875137,1.023399919,1.339475218,288.5091723,1.2914619,2793.834243
0.299,-2.317344211,0.683231131,1.63411308,296.8904785,1.344267371,2793.797369
0.2995,-2.225833821,0.318284325,1.907549497,305.2721678,1.330818255,2793.971846
0.3,-2.033088614,-0.062854876,2.09594349,313.6540355,1.292984275,2793.872247
0.3005,-1.80846902,-0.431542766,2.240011786,322.0353154,1.315025512,2793.686745
0.301,-1.542488195,-0.80616812,2.348656315,330.4164619,1.350145425,2793.807124
0.3015,-1.235514713,-1.140443887,2.3759586,338.7981175,1.307210314,2793.886807
0.302,-0.91276351,-1.436947712,2.349711223,347.1795557,1.307820229,2793.739489
0.3025,-0.566474106,-1.733639837,2.300113943,355.5607954,1.352320881,2793.833193
0.303,-0.189103003,-1.977073215,2.166176219,3.942577185,1.311791087,2793.949214
0.3035,0.18427229,-2.148394708,1.964122418,12.3241694,1.292375141,2793.743931
0.304,0.559413237,-2.279758427,1.720345191,20.70519094,1.340073082,2793.688817
0.3045,0.923882168,-2.367853599,1.443971431,29.08657053,1.342310641,2793.901937
0.305,1.240467642,-2.371355234,1.130887592,37.46836709,1.295921705,2793.879587
0.3055,1.535884533,-2.334893933,0.7990094,45.84978145,1.330028683,2793.790635
0.306,1.828162789,-2.273384034,0.445221245,54.23134792,1.340166237,2793.938699
0.3065,2.036729345,-2.097708001,0.060978656,62.61323984,1.297431908,2793.912963
0.307,2.197022435,-1.89077582,-0.306246615,70.99461497,1.301021201,2793.676505
0.3075,2.317852977,-1.632686027,-0.685166949,79.3756058,1.35488632,2793.746976
0.308,2.375464792,-1.340890799,-1.034573993,87.7572196,1.32369158,2793.940221
0.3085,2.362823009,-1.024394902,-1.338428107,96.13892812,1.29525722,2793.814455
0.309,2.317886595,-0.681643175,-1.636243419,104.5202404,1.348899057,2793.822722
0.3095,2.224892797,-0.317830146,-1.907062651,112.9020185,1.32387379,2793.985003
0.31,2.032562762,0.061725983,-2.094288744,121.283848,1.292383633,2793.844921
0.3105,1.807030171,0.433084869,-2.24011504,129.6650542,1.317827427,2793.671018
0.311,1.5433644,0.807130089,-2.350494488,138.0461846,1.350360513,2793.807552
0.3115,1.236226323,1.138474374,-2.374700697,146.4278331,1.305205652,2793.877664
0.312,0.911799106,1.437034475,-2.348833581,154.809254,1.31372036,2793.751199
0.3125,0.566471926,1.736854176,-2.303326101,163.1905986,1.353518754,2793.883121
0.313,0.189057973,1.974639969,-2.163697943,171.5725159,1.306639639,2793.978232
0.3135,-0.183555385,2.147476844,-1.96392146,179.9541415,1.2926413,2793.746803
0.314,-0.560916123,2.280985837,-1.720069714,188.3351927,1.343484129,2793.711387
0.3145,-0.923570836,2.369113392,-1.445542556,196.7166623,1.33961625,2793.928506
0.315,-1.238643336,2.370179645,-1.131536309,205.0984966,1.293429505,2793.878438
0.3155,-1.53735253,2.334765803,-0.797413273,213.4799114,1.335750763,2793.80676
0.316,-1.829421163,2.275334338,-0.445913175,221.8615799,1.338708659,2793.977838
0.3165,-2.034711956,2.096568528,-0.061856572,230.2435579,1.294440076,2793.928445
0.317,-2.196494285,1.889836904,0.306657381,238.6249583,1.303039369,2793.686776
0.3175,-2.3203394,1.634075429,0.686263971,247.0060029,1.355125613,2793.769404
0.318,-2.374207415,1.341075695,1.03313172,255.3876547,1.317725791,2793.932032
0.3185,-2.361565797,1.024022437,1.33754336,263.7692881,1.29778617,2793.787702
0.319,-2.319064384,0.680379778,1.638684607,272.1505793,1.354930428,2793.841768
0.3195,-2.224855738,0.318127454,1.906728284,280.5324545,1.319205936,2794.011566
0.32,-2.031952134,-0.060604215,2.092556349,288.9143067,1.291050298,2793.839399
0.3205,-1.806621904,-0.434186273,2.240808177,297.2955126,1.323560828,2793.689024
0.321,-1.544555227,-0.807558155,2.352113382,305.676745,1.347811604,2793.842796
0.3215,-1.237156669,-1.135988637,2.373145306,314.0584428,1.299721934,2793.869979
0.322,-0.912124852,-1.438013347,2.350138199,322.4398268,1.322128438,2793.759082
0.3225,-0.565753959,-1.73894268,2.304696639,330.8212792,1.352379056,2793.930105
0.323,-0.189035279,-1.973089392,2.162124672,339.2032857,1.299186896,2793.979387
0.3235,0.182923546,-2.146180757,1.963257212,347.5848539,1.296219951,2793.727053
0.324,0.56241798,-2.283065024,1.720647044,355.965905,1.347394123,2793.731709
0.3245,0.922827493,-2.369099595,1.446272102,4.347442267,1.33298987,2793.934429
0.325,1.236914617,-2.368949906,1.13203529,12.72922021,1.292867287,2793.845754
0.3255,1.539352596,-2.336769131,0.797416535,21.11057822,1.344632102,2793.818507
0.326,1.829982129,-2.276269649,0.446287521,29.49234396,1.332476717,2794.003969
0.3265,2.032335693,-2.09459355,0.062257857,37.87432264,1.292348028,2793.910033
0.327,2.196418265,-1.8891451,-0.307273165,46.2556744,1.308513781,2793.686337
0.3275,2.323136158,-1.635560232,-0.687575926,54.63674249,1.348806281,2793.764468
0.328,2.373160754,-1.341758369,-1.031402384,63.01828334,1.31243729,2793.864731
0.3285,2.360280883,-1.023163427,-1.337117456,71.39969156,1.304142013,2793.725675
0.329,2.320433601,-0.679159295,-1.641274306,79.78088389,1.358565723,2793.833116
0.3295,2.223615306,-0.318031364,-1.905583942,88.16274233,1.313641677,2793.992639
0.33,2.031149551,0.059431467,-2.090581018,96.54448489,1.292325803,2793.797332
0.3305,1.80628462,0.435764563,-2.242049183,104.925609,1.329363947,2793.684718
0.331,1.545650732,0.807682792,-2.353333524,113.3068549,1.341125463,2793.833816
0.3315,1.238424081,1.134466102,-2.372890183,121.6884454,1.298104692,2793.816359
0.332,0.90716742,1.438794854,-2.345962274,130.0696717,1.326063999,2793.717558
0.3325,0.567723825,1.741442431,-2.309166256,138.4510287,1.349990848,2793.896725
0.333,0.189633786,1.97064582,-2.160279606,146.8328976,1.297023822,2793.921431
0.3335,-0.182256696,2.145293023,-1.963036327,155.2142871,1.299724189,2793.675974
0.334,-0.563905428,2.284663419,-1.720757991,163.5952359,1.349955997,2793.712982
0.3345,-0.921444222,2.369001884,-1.447557662,171.9767106,1.326678203,2793.895554
0.335,-1.235487534,2.367970652,-1.132483118,180.3583044,1.292956289,2793.773238
0.3355,-1.541267234,2.336745254,-0.79547802,188.7394582,1.347076616,2793.75918
0.336,-1.829840481,2.27627488,-0.446434399,197.1210622,1.330678019,2793.947865
0.3365,-2.030814917,2.094181522,-0.063366604,205.5028494,1.291695969,2793.840517
0.337,-2.196583421,1.888304352,0.308279069,213.8840094,1.313036749,2793.637253
0.3375,-2.325082327,1.636745669,0.688336658,222.2649759,1.348331718,2793.736942
0.338,-2.371942543,1.342218763,1.029723781,230.6464045,1.307880378,2793.81011
0.3385,-2.358562222,1.02156309,1.336999132,239.0276205,1.308046222,2793.667232
0.339,-2.32254241,0.678286921,1.644255489,247.4086909,1.360803684,2793.807375
0.3395,-2.222271938,0.318322064,1.903949874,255.7904736,1.309452447,2793.956376
0.34,-2.031140199,-0.058788848,2.089929047,264.1720624,1.292361395,2793.738572
0.3405,-1.805944576,-0.437341394,2.24328597,272.5530509,1.336966115,2793.666646
0.341,-1.546596692,-0.807529712,2.354126403,280.9343113,1.338733967,2793.843734
0.3415,-1.238741532,-1.1329307,2.371672232,289.3158888,1.29490006,2793.796339
0.342,-0.909071756,-1.440176576,2.349248332,297.6970487,1.331311852,2793.708347
0.3425,-0.56688629,-1.743136175,2.310022466,306.0784224,1.347784821,2793.90383
0.343,-0.18926722,-1.967966697,2.157233917,314.4602712,1.293678228,2793.898796
0.3435,0.182717719,-2.144783749,1.96206603,322.8415807,1.304214908,2793.659314
0.344,0.565469275,-2.287143246,1.721673971,331.222538,1.351897372,2793.730797
0.3445,0.920552771,-2.367992011,1.447439241,339.6040414,1.318156809,2793.878199
0.345,1.234715841,-2.367146753,1.132430913,347.9855059,1.295622283,2793.724279
0.3455,1.543832157,-2.337358445,0.793526288,356.3665726,1.352973665,2793.755902
0.346,1.829154889,-2.275510459,0.446355569,4.74819618,1.324361043,2793.942422
0.3465,2.029325486,-2.093393266,0.06406778,13.12990061,1.291933329,2793.802397
0.347,2.197174617,-1.887742215,-0.309432402,21.51099049,1.320884523,2793.642296
0.3475,2.327892017,-1.638677916,-0.689214101,29.89203979,1.345230681,2793.767598
0.348,2.370035182,-1.342102523,-1.027932659,38.27349754,1.302303849,2793.794371
0.3485,2.358304809,-1.020587576,-1.337717233,46.65465265,1.316690712,2793.667786
0.349,2.324537139,-0.677663618,-1.64687352,55.0357926,1.356176101,2793.829539
0.3495,2.2204032,-0.318447391,-1.90195581,63.4175596,1.303335594,2793.920999
0.35,2.031049839,0.057928171,-2.08897801,71.79899822,1.296464221,2793.692082
0.3505,1.805558191,0.438889482,-2.244447673,80.17992911,1.344087367,2793.680185
0.351,1.547969187,0.807020123,-2.35498931,88.56127899,1.333564865,2793.867958
0.3515,1.239508762,1.131152458,-2.370661221,96.9428726,1.294626975,2793.791476
0.352,0.907655728,1.441824451,-2.349480179,105.3240508,1.33801125,2793.737902
0.3525,0.567734548,1.744385503,-2.312120051,113.7055359,1.338588338,2793.920194
0.353,0.189617344,1.965450948,-2.155068292,122.0873334,1.293336866,2793.86399
0.3535,-0.182830756,2.144965704,-1.962134948,130.4685495,1.307024273,2793.637479
0.354,-0.566845456,2.289849707,-1.72300425,138.8494759,1.352757589,2793.728596
0.3545,-0.919046252,2.366323991,-1.447277739,147.2309607,1.314191159,2793.859358
0.355,-1.23395842,2.36663927,-1.132680851,155.6123515,1.300371501,2793.709519
0.3555,-1.545940117,2.337897892,-0.791957775,163.9934411,1.356019087,2793.782938
0.356,-1.828772241,2.275366445,-0.446594204,172.3751466,1.318358327,2793.953802
0.3565,-2.027688608,2.092751567,-0.065062959,180.756821,1.291976171,2793.78179
0.357,-2.198136839,1.887378095,0.310758744,189.137863,1.323438285,2793.635461
0.3575,-2.329600947,1.640151164,0.689449783,197.5189179,1.344992907,2793.7732
0.358,-2.369045396,1.343254774,1.025790623,205.9003786,1.300189705,2793.787399
0.3585,-2.358090741,1.019386159,1.338704582,214.2815234,1.322897268,2793.682728
0.359,-2.326458614,0.677671113,1.648787501,222.6627756,1.356317924,2793.87869
0.3595,-2.218418337,0.318669802,1.899748535,231.0446689,1.299013157,2793.948009
0.36,-2.030681967,-0.057375111,2.088057078,239.4261467,1.297273942,2793.700303
0.3605,-1.80576756,-0.440383081,2.24615064,247.8071282,1.347322853,2793.710123
0.361,-1.548795939,-0.805963279,2.354759218,256.1885819,1.329654771,2793.894463
0.3615,-1.239726233,-1.129755838,2.369482071,264.5702051,1.293094464,2793.788871
0.362,-0.906640913,-1.443444196,2.350085109,272.9513913,1.344062028,2793.759479
0.3625,-0.568828202,-1.745062217,2.313890419,281.3329934,1.336186653,2793.961522
0.363,-0.190391733,-1.962946429,2.153338162,289.7148745,1.290531179,2793.877593
0.3635,0.183407057,-2.14558198,1.962174923,298.0961197,1.310453504,2793.65443
0.364,0.567579531,-2.291887989,1.724308457,306.4771233,1.35078421,2793.753451
0.3645,0.917240516,-2.365019389,1.447778872,314.8586327,1.308786057,2793.844726
0.365,1.233800745,-2.365676138,1.131875393,323.2399488,1.305495811,2793.693219
0.3655,1.548470277,-2.339297255,0.790826978,331.6210674,1.360302166,2793.817074
0.366,1.827567086,-2.274380171,0.446813085,340.0028802,1.310658381,2793.969865
0.3665,2.026299456,-2.092403558,0.066104102,348.3845271,1.293218861,2793.763212
0.367,2.19926876,-1.887101467,-0.312167292,356.765563,1.330269322,2793.660071
0.3675,2.33067837,-1.641546117,-0.689132253,5.146743491,1.340930595,2793.812892
0.368,2.367208713,-1.343117294,-1.024091419,13.52826323,1.29703889,2793.788577
0.3685,2.358219182,-1.018428829,-1.339790353,21.90942676,1.332053734,2793.716071
0.369,2.328278868,-0.678024485,-1.650254383,30.29085582,1.352277132,2793.939733
0.3695,2.216298435,-0.3190605,-1.897237935,38.67285685,1.29293864,2793.955083
0.37,2.030607401,0.05675493,-2.087362331,47.05431981,1.302722623,2793.703924
0.3705,1.806938883,0.441522194,-2.248461077,55.4353659,1.346440723,2793.738273
0.371,1.549215809,0.804830662,-2.354046471,63.81685723,1.322641296,2793.880404
0.3715,1.239624706,1.128082648,-2.367707354,72.19836874,1.294204036,2793.742946
0.372,0.905527026,1.44572517,-2.351252196,80.57947579,1.352842123,2793.766372
0.3725,0.569857989,1.744920222,-2.31477821,88.96115142,1.328464969,2793.974253
0.373,0.19078893,1.961066476,-2.151855407,97.34299503,1.291820937,2793.855859
0.3735,-0.183870288,2.146354396,-1.962484108,105.7242145,1.315291441,2793.665419
0.374,-0.568382695,2.294536007,-1.726153312,114.1052682,1.344291329,2793.75568
0.3745,-0.915368692,2.363180801,-1.447812109,122.4866966,1.305402237,2793.79391
0.375,-1.233871204,2.364723418,-1.130852214,130.8678556,1.311484105,2793.65603
0.3755,-1.55098842,2.340701249,-0.789712829,139.2489378,1.36240924,2793.823214
0.376,-1.825166224,2.271610612,-0.446444388,147.6307653,1.305704897,2793.960849
0.3765,-2.025111062,2.09229891,-0.067187849,156.0123511,1.296787955,2793.746686
0.377,-2.200694803,1.887220045,0.313474758,164.3933978,1.334412455,2793.684863
0.3775,-2.331708215,1.642935879,0.688772336,172.7746664,1.335152761,2793.829117
0.378,-2.366064877,1.343781182,1.022283696,181.1561635,1.295277621,2793.764374
0.3785,-2.358581926,1.017224949,1.341356977,189.5372504,1.334884954,2793.697408
0.379,-2.329948356,0.678699084,1.651249272,197.9186388,1.349495393,2793.921261
0.3795,-2.214078163,0.319314395,1.894763768,206.3005518,1.292446788,2793.918947
0.38,-2.030395098,-0.056643169,2.087038267,214.6819141,1.305211562,2793.678303
0.3805,-1.80773968,-0.443098512,2.250838193,223.0629199,1.348305642,2793.735937
0.381,-1.549518391,-0.80329467,2.35281306,231.4443935,1.316907275,2793.857335
0.3815,-1.239708366,-1.127605067,2.367313433,239.8257859,1.296405706,2793.700754
0.382,-0.904277086,-1.448012859,2.352289945,248.2068061,1.35591778,2793.752278
0.3825,-0.570920358,-1.744469742,2.3153901,256.5884544,1.325092763,2793.958566
0.383,-0.19124828,-1.959432748,2.150681028,264.9702099,1.290939599,2793.817255
0.3835,0.184764733,-2.147308955,1.962544222,273.3513304,1.320238911,2793.648416
0.384,0.568989907,-2.296478603,1.727488697,281.7323852,1.344127418,2793.764336
0.3845,0.913595474,-2.360861927,1.447266454,290.1138143,1.301015087,2793.778227
0.385,1.234742316,-2.364161524,1.129419208,298.4949076,1.316803814,2793.645225
0.3855,1.553163444,-2.342402938,0.789239494,306.8760149,1.362496416,2793.841404
0.386,1.823089972,-2.269687789,0.446597817,315.2578715,1.300747975,2793.953042
0.3865,2.02429547,-2.092021987,0.067726517,323.6393897,1.298485037,2793.721277
0.387,2.202129666,-1.887130498,-0.314999168,332.0204161,1.341489797,2793.706412
0.3875,2.331896714,-1.643831858,-0.688064857,340.4017945,1.329372388,2793.857839
0.388,2.364877921,-1.343937759,-1.020940162,348.7833087,1.29390763,2793.754851
0.3885,2.359181538,-1.016319599,-1.342861939,357.1643822,1.340483324,2793.710457
0.389,2.332105486,-0.679756165,-1.652349321,5.545851094,1.345998196,2793.945706
0.3895,2.211618929,-0.319488797,-1.892130132,13.9277868,1.289947597,2793.911333
0.39,2.030870697,0.056967524,-2.087838221,22.30913792,1.312405665,2793.69579
0.3905,1.808941433,0.444109749,-2.253051182,30.69026821,1.347322962,2793.786917
0.391,1.549960689,0.801562573,-2.351523262,39.0718397,1.308520871,2793.85832
0.3915,1.239194531,1.127155958,-2.36635049,47.45317413,1.301830941,2793.685727
0.392,0.903164347,1.450331291,-2.353495638,55.83421867,1.358053751,2793.777745
0.3925,0.571427013,1.743674529,-2.315101541,64.21592836,1.317980748,2793.957526
0.393,0.191881173,1.957643218,-2.149524391,72.59761586,1.293058546,2793.789336
0.3935,-0.185836926,2.148769232,-1.962932305,80.97871845,1.32834595,2793.675217
0.394,-0.569094233,2.298159407,-1.729065174,89.35991501,1.339291977,2793.808955
0.3945,-0.911976667,2.358569455,-1.446592788,97.74141106,1.298117623,2793.781572
0.395,-1.235770655,2.364067108,-1.128296453,106.1225243,1.324453695,2793.674008
0.3955,-1.554780389,2.342109986,-0.787329597,114.5037641,1.355781876,2793.875403
0.396,-1.820525017,2.267960097,-0.447435081,122.8856249,1.295873791,2793.924982
0.3965,-2.023897105,2.09252637,-0.068629265,131.2670316,1.303212295,2793.692154
0.397,-2.203382362,1.88732831,0.316054052,139.6480358,1.344252857,2793.717372
0.3975,-2.332430739,1.645524328,0.68690641,148.0294497,1.324301225,2793.85655
0.398,-2.363782391,1.344296961,1.01948543,156.4109139,1.29542644,2793.734452
0.3985,-2.360786163,1.015673896,1.345112267,164.7919771,1.34698529,2793.732988
0.399,-2.333729249,0.680955316,1.652773933,173.1735372,1.337358991,2793.956965
0.3995,-2.209366841,0.319853304,1.889513538,181.5554159,1.29027701,2793.877997
0.4,-2.031192251,-0.057499217,2.088691467,189.9366778,1.313833097,2793.671629
0.4005,-1.810273073,-0.444924602,2.255197675,198.3177493,1.347051835,2793.768875
0.401,-1.549773612,-0.799985312,2.349758925,206.6992522,1.306389227,2793.827305
0.4015,-1.238733763,-1.126941296,2.365675059,215.0804954,1.306457355,2793.667934
0.402,-0.902067036,-1.452905308,2.354972345,223.4615523,1.361086481,2793.801028
0.4025,-0.572235774,-1.742352591,2.314588365,231.8433273,1.311012877,2793.959882
0.403,-0.19236855,-1.956033013,2.148401563,240.2249542,1.294382703,2793.76135
0.4035,0.187038688,-2.150250119,1.963211431,248.6059993,1.330684859,2793.666699
0.404,0.56896408,-2.299524792,1.730560712,256.9871925,1.33874918,2793.810088
0.4045,0.910303145,-2.356470065,1.44616692,265.368673,1.295662778,2793.766635
0.405,1.237438283,-2.36440647,1.126968187,273.7497517,1.331309042,2793.682595
0.4055,1.555575775,-2.342771558,0.787195783,282.1310849,1.354663284,2793.914889
0.406,1.818480112,-2.266469315,0.447989203,290.5130367,1.292917232,2793.942841
0.4065,2.023648379,-2.09245462,0.068806241,298.8944765,1.305292686,2793.705341
0.407,2.205705504,-1.888289734,-0.31741577,307.2755584,1.347191042,2793.757558
0.4075,2.331567201,-1.646000924,-0.685566277,315.6570985,1.319408958,2793.886492
0.408,2.362615967,-1.34427385,-1.018342116,324.0386003,1.295443193,2793.738329
0.4085,2.36220464,-1.014842265,-1.347362375,332.4197159,1.354564981,2793.777614
0.409,2.335224932,-0.682667677,-1.652557255,340.8014646,1.332320229,2794.015537
0.4095,2.206976659,-0.319779408,-1.887197251,349.1834633,1.289864872,2793.907602
0.41,2.031673931,0.057984317,-2.089658248,357.5648316,1.317927304,2793.721077
0.4105,1.81160805,0.445411295,-2.257019345,5.946083976,1.344851122,2793.828766
0.411,1.549289149,0.798209343,-2.347498492,14.32771509,1.301106902,2793.847316
0.4115,1.237694555,1.127312761,-2.365007316,22.70900028,1.313662712,2793.698272
0.412,0.901562185,1.454819884,-2.35638207,31.09023035,1.361949391,2793.874856
0.4125,0.57253439,1.740352341,-2.31288673,39.47219023,1.302347238,2793.992254
0.413,0.193139301,1.954593116,-2.147732417,47.8538403,1.297891087,2793.766083
0.4135,-0.188162851,2.152167191,-1.96400434,56.23496382,1.335671824,2793.717008
0.414,-0.568180898,2.300210186,-1.732029288,64.61632963,1.332733845,2793.855215
0.4145,-0.908833163,2.355015027,-1.446181864,72.99787476,1.294434917,2793.773065
0.415,-1.238995478,2.364666663,-1.125671185,81.37900976,1.340673369,2793.732656
0.4155,-1.556277877,2.343818237,-0.78754036,89.76056815,1.349847203,2793.989706
0.416,-1.815799096,2.26425261,-0.448453515,98.14267585,1.289640886,2793.974609
0.4165,-2.023822418,2.09315814,-0.069335722,106.5242046,1.310638519,2793.748269
0.417,-2.207669974,1.888950416,0.318719558,114.9054505,1.343002862,2793.806928
0.4175,-2.330434436,1.646611743,0.683822693,123.2870628,1.313574165,2793.882285
0.418,-2.361976667,1.344632258,1.017344409,131.6685061,1.298592198,2793.719556
0.4185,-2.363650535,1.014252024,1.349398512,140.0496283,1.360024359,2793.804945
0.419,-2.338710474,0.68612625,1.652584224,148.4314761,1.324545074,2794.030666
0.4195,-2.204213015,0.319548891,1.884664124,156.8134492,1.292154095,2793.893316
0.42,-2.031975221,-0.059018626,2.090993846,165.1948253,1.322836838,2793.745311
0.4205,-1.81249105,-0.445962431,2.258453481,173.5761686,1.338388925,2793.844865
0.421,-1.548439337,-0.796652281,2.345091617,181.9577694,1.299345094,2793.819311
0.4215,-1.23643821,-1.127995671,2.364433882,190.3389748,1.318041261,2793.684085
0.422,-0.900877689,-1.456971194,2.357848883,198.720212,1.362462966,2793.886904
0.4225,-0.572674113,-1.737794211,2.310468323,207.1021949,1.298843185,2793.988362
0.423,-0.193909138,-1.954068985,2.147978123,215.4838215,1.302704702,2793.769167
0.4235,0.189340169,-2.154038947,1.964698778,223.8650203,1.338364035,2793.760428
0.424,0.56723799,-2.300793099,1.733555109,232.2465177,1.327517026,2793.885373
0.4245,0.907430263,-2.353174385,1.445744122,240.6280954,1.294032329,2793.773158
0.425,1.240807972,-2.365421354,1.124613381,249.0092417,1.343547544,2793.745951
0.4255,1.556619616,-2.344730837,0.788111221,257.3908589,1.347609257,2794.00651
0.426,1.813194227,-2.26221472,0.449020494,265.7729891,1.288883584,2793.975415
0.4265,2.024515472,-2.093772135,0.069256663,274.1545296,1.3139125,2793.762555
0.427,2.209363017,-1.890052198,-0.319310818,282.535853,1.342880758,2793.838237
0.4275,2.328714429,-1.646618796,-0.682095633,290.9175302,1.308348592,2793.885063
0.428,2.361020975,-1.34408437,-1.016936605,299.2989377,1.3008384,2793.706282
0.4285,2.365383397,-1.013713677,-1.351669719,307.680059,1.362814239,2793.818615
0.429,2.337120648,-0.686240751,-1.650879898,316.0619476,1.318900936,2794.029136
0.4295,2.203151701,-0.320042015,-1.883109685,324.4438551,1.292074067,2793.861005
0.43,2.03310186,0.059347673,-2.092449532,332.8251591,1.32768117,2793.738363
0.4305,1.814175096,0.446027969,-2.260203065,341.2065264,1.337053509,2793.856785
0.431,1.547494993,0.794835768,-2.34233076,349.5881282,1.29551616,2793.803598
0.4315,1.235571782,1.129459013,-2.365030795,357.9692761,1.32378339,2793.678509
0.432,0.900741064,1.458284199,-2.359025263,6.350551541,1.361255631,2793.905677
0.4325,0.572912272,1.735330898,-2.308243169,14.73255202,1.29398985,2793.974733
0.433,0.19429822,1.953857064,-2.148155284,23.11410882,1.307049136,2793.752668
0.4335,-0.190366328,2.155685195,-1.965318867,31.4953261,1.342368049,2793.788674
0.434,-0.566228431,2.300768515,-1.734540084,39.87690889,1.319574868,2793.892707
0.4345,-0.906162982,2.351732818,-1.445569836,48.25842529,1.294377766,2793.739685
0.435,-1.242992582,2.366585471,-1.123592889,56.63950836,1.349868825,2793.748027
0.4355,-1.556420484,2.345335317,-0.788914832,65.02117016,1.342108037,2794.013082
0.436,-1.810273467,2.258658007,-0.44838454,73.4032593,1.288528986,2793.950583
0.4365,-2.025658936,2.094826252,-0.069167316,81.78475934,1.321013565,2793.773762
0.437,-2.211251731,1.8913248,0.319926931,90.16617779,1.340115659,2793.872863
0.4375,-2.326813454,1.646416345,0.68039711,98.54789504,1.301911647,2793.870491
0.438,-2.360270718,1.343241278,1.01702944,106.9292269,1.307788732,2793.694285
0.4385,-2.366599968,1.013071786,1.353528182,115.3103761,1.360871603,2793.833458
0.439,-2.340017724,0.68946674,1.650550984,123.6922495,1.311607406,2793.994515
0.4395,-2.201067369,0.319853673,1.881213696,132.0740007,1.296942651,2793.813087
0.44,-2.034217943,-0.060647604,2.094865547,140.4552534,1.335259576,2793.757028
0.4405,-1.814731493,-0.446148459,2.260879952,148.8367335,1.332437415,2793.891599
0.441,-1.546453112,-0.793583155,2.340036267,157.2183875,1.294926551,2793.810658
0.4415,-1.23386345,-1.131182361,2.365045811,165.5995904,1.331281029,2793.722631
0.442,-0.900407962,-1.459360599,2.359768561,173.981036,1.353245525,2793.947338
0.4425,-0.573190007,-1.732856037,2.306046044,182.3630657,1.292081323,2793.963322
0.443,-0.194710776,-1.954131467,2.148842243,190.7445886,1.310976224,2793.751919
0.4435,0.19175358,-2.15725334,1.96549976,199.1258558,1.344244858,2793.819113
0.444,0.564764327,-2.300051777,1.73528745,207.5075287,1.31553315,2793.911734
0.4445,0.905171247,-2.350408884,1.445237636,215.8890765,1.297646514,2793.754624
0.445,1.245071597,-2.367902095,1.122830498,224.2702635,1.354341119,2793.804593
0.4455,1.556071222,-2.34606917,0.789997948,232.6521017,1.334313933,2794.05217
0.446,1.807839107,-2.256443906,0.448604799,241.0342303,1.289570654,2793.953553
0.4465,2.027568251,-2.096269051,0.0687008,249.4157532,1.321549635,2793.785134
0.447,2.212313937,-1.892123339,-0.320190597,257.7972085,1.339545992,2793.884126
0.4475,2.324987715,-1.646170731,-0.678816984,266.1789435,1.300030001,2793.868644
0.448,2.360042069,-1.342549115,-1.017492954,274.5602751,1.312555711,2793.707893
0.4485,2.368681055,-1.012865228,-1.355815826,282.9415243,1.362344347,2793.88067
0.449,2.338203419,-0.689983746,-1.648219673,291.3235175,1.304508845,2794.011815
0.4495,2.200442547,-0.320246276,-1.880196272,299.7052542,1.298731289,2793.801885
0.45,2.035919705,0.061459746,-2.097379451,308.0865039,1.33743555,2793.766997
0.4505,1.815915018,0.44544984,-2.261364857,316.4680254,1.330210695,2793.901391
0.451,1.54550189,0.79232925,-2.337831139,324.849673,1.292703354,2793.7966
0.4515,1.232712918,1.132768022,-2.36548094,333.2308463,1.338100393,2793.733133
0.452,0.900035135,1.459729646,-2.35976478,341.612393,1.352551671,2793.990838
0.4525,0.57378977,1.730370305,-2.304160075,349.9945303,1.289112752,2793.987434
0.453,0.195019241,1.954788874,-2.149808115,358.376108,1.313636725,2793.774444
0.4535,-0.192470317,2.158620181,-1.966149864,6.757469392,1.343852481,2793.853918
0.454,-0.563219145,2.299112791,-1.735893646,15.13921503,1.310367736,2793.916886
0.4545,-0.904512996,2.349053149,-1.444540153,23.52073483,1.299877917,2793.743975
0.455,-1.247280062,2.36973799,-1.122457927,31.90194598,1.360360312,2793.838161
0.4555,-1.554860845,2.346062837,-0.791201992,40.28390997,1.32690325,2794.078525
0.456,-1.806583598,2.25615909,-0.449575491,48.66604223,1.290273749,2793.943996
0.4565,-2.029107251,2.097186855,-0.068079604,57.047571,1.326632425,2793.806518
0.457,-2.214122118,1.893489113,0.320633006,65.4291327,1.337203225,2793.920395
0.4575,-2.322269624,1.645128333,0.677141292,73.81093086,1.29616096,2793.871759
0.458,-2.36008639,1.341799957,1.018286433,82.19227421,1.320734122,2793.734086
0.4585,-2.370032423,1.012616712,1.357415711,90.57368295,1.361048231,2793.943995
0.459,-2.338838159,0.692300849,1.64653731,98.95580957,1.296451553,2794.025294
0.4595,-2.199442445,0.320042436,1.879400009,107.3375349,1.305192848,2793.806743
0.46,-2.036855481,-0.062486543,2.099342024,115.7188765,1.338936336,2793.814613
0.4605,-1.816384738,-0.444926868,2.261311605,124.1005258,1.324319654,2793.925752
0.461,-1.544353253,-0.791107491,2.335460744,132.4821901,1.293939812,2793.796027
0.4615,-1.231221246,-1.134898246,2.366119492,140.8634249,1.347430341,2793.789238
0.462,-0.900676877,-1.459623357,2.360300234,149.2452085,1.346581368,2794.065376
0.4625,-0.574171199,-1.727948264,2.302119462,157.6275025,1.288469781,2794.026849
0.463,-0.195138452,-1.955757009,2.150895461,166.009222,1.319278425,2793.840803
0.4635,0.193458891,-2.16013211,1.966673218,174.3908085,1.337323934,2793.915885
0.464,0.561107154,-2.297062811,1.735955657,182.7726448,1.305586973,2793.918402
0.4645,0.904389052,-2.348777428,1.444388375,191.1541441,1.304803741,2793.746137
0.465,1.249309438,-2.37145001,1.122140572,199.5354295,1.363157667,2793.881807
0.4655,1.555003224,-2.350713373,0.79571015,207.9175172,1.319866751,2794.099706
0.466,1.80397077,-2.252383746,0.448412976,216.2996597,1.29438871,2793.949535
0.4665,2.031205448,-2.098637202,0.067431754,224.6812677,1.33009455,2793.852734
0.467,2.215214962,-1.894161622,-0.321053339,233.0629773,1.331908701,2793.95708
0.4675,2.319042252,-1.643481362,-0.67556089,241.4448202,1.294523938,2793.871372
0.468,2.360343165,-1.340594716,-1.019748449,249.8261623,1.324027414,2793.742504
0.4685,2.37079599,-1.012250846,-1.358545144,258.207628,1.360364813,2793.966488
0.469,2.337560912,-0.693403727,-1.644157185,266.5898025,1.294117917,2794.031723
0.4695,2.199520424,-0.320372458,-1.879147965,274.9715458,1.309609878,2793.824352
0.47,2.037975842,0.06341682,-2.101392662,283.3529943,1.340166735,2793.862655
0.4705,1.817459464,0.443585574,-2.261045038,291.7347712,1.318680147,2793.950412
0.471,1.54265514,0.790266514,-2.332921653,300.1164543,1.294916608,2793.795709
0.4715,1.230319861,1.136782003,-2.367101865,308.4977122,1.349974183,2793.807766
0.472,0.901630616,1.459424359,-2.361054975,316.8795628,1.343607406,2794.081724
0.4725,0.574688906,1.725214267,-2.299903173,325.2618683,1.287388843,2794.021494
0.473,0.195050917,1.957572279,-2.152623195,333.6435785,1.322707796,2793.847983
0.4735,-0.19383081,2.161047564,-1.967216755,342.0252205,1.336800867,2793.938734
0.474,-0.55943647,2.295663507,-1.736227037,350.4070981,1.30151852,2793.916738
0.4745,-0.904603258,2.3484037,-1.443800442,358.788562,1.307276574,2793.73584
0.475,-1.250983648,2.372946556,-1.121962908,7.169852185,1.364875612,2793.893946
0.4755,-1.552223694,2.346115801,-0.793892107,15.55195968,1.313324391,2794.086047
0.476,-1.80293717,2.252465927,-0.449528757,23.93399842,1.295782111,2793.908105
0.4765,-2.033635822,2.100667465,-0.067031643,32.31552647,1.33564326,2793.848324
0.477,-2.215580101,1.894983333,0.320596769,40.69726089,1.327911411,2793.961066
0.4775,-2.317187613,1.642782996,0.674404617,49.07906352,1.292760042,2793.84446
0.478,-2.361195204,1.340000478,1.021194725,57.46033704,1.329859421,2793.737241
0.4785,-2.37176201,1.012867832,1.358894178,65.84183559,1.357773129,2793.978649
0.479,-2.335860136,0.694261694,1.641598443,74.22399633,1.289907736,2794.007458
0.4795,-2.199715454,0.320342619,1.879372834,82.60565571,1.3160075,2793.811635
0.48,-2.038235986,-0.064196567,2.102432553,90.98713565,1.340363848,2793.885318
0.4805,-1.818291102,-0.442420958,2.26071206,99.36893929,1.310551667,2793.930673
0.481,-1.542341008,-0.789411181,2.331752189,107.7504868,1.296975154,2793.743186
0.4815,-1.229314111,-1.139192971,2.368507082,116.1316371,1.355262894,2793.794376
0.482,-0.902333531,-1.458903751,2.361237282,124.5134664,1.336547822,2794.058853
0.4825,-0.574297736,-1.72329052,2.297588255,132.8956356,1.288899045,2793.968696
0.483,-0.194717045,-1.95951195,2.154228996,141.2772437,1.33028911,2793.84369
0.4835,0.194387148,-2.162022127,1.96763498,149.6589346,1.33314588,2793.955616
0.484,0.558031191,-2.293414826,1.735383635,158.0408023,1.297481573,2793.892445
0.4845,0.905190808,-2.347876941,1.442686133,166.4221868,1.314182886,2793.726746
0.485,1.253038108,-2.374541856,1.121503748,174.8034961,1.359742217,2793.894365
0.4855,1.55203949,-2.351716051,0.799676561,183.1855158,1.306969995,2794.024804
0.486,1.801373455,-2.249480018,0.448106563,191.5673377,1.302433676,2793.84803
0.4865,2.036197905,-2.102017504,0.0658196,199.9487821,1.340426606,2793.849375
0.487,2.215778153,-1.89488504,-0.320893113,208.3305485,1.323685718,2793.965259
0.4875,2.313642499,-1.640448804,-0.673193695,216.7123207,1.293168641,2793.828183
0.488,2.361664784,-1.338187863,-1.023476921,225.0935877,1.336977005,2793.761254
0.4885,2.371476576,-1.012199598,-1.359276978,233.4751893,1.349277582,2793.995468
0.489,2.334670877,-0.694756264,-1.639914613,241.8573077,1.289561845,2793.976861
0.4895,2.200489172,-0.320178622,-1.88031055,250.2388842,1.31843843,2793.791982
0.49,2.039277001,0.065408623,-2.104685624,258.6203344,1.340968987,2793.881903
0.4905,1.818958562,0.44087096,-2.259829522,267.0021197,1.307827874,2793.915903
0.491,1.541539981,0.789240567,-2.330780548,275.383617,1.30132933,2793.737076
0.4915,1.228521779,1.14145984,-2.369981619,283.7648112,1.358176569,2793.827284
0.492,0.903103313,1.457598089,-2.360701402,292.1467314,1.329196731,2794.068177
0.4925,0.574251371,1.721621425,-2.295872796,300.5288594,1.290699963,2793.948206
0.493,0.194295438,1.961606023,-2.155901461,308.910427,1.330636878,2793.834573
0.4935,-0.194846534,2.163011842,-1.968165308,317.2920962,1.333513311,2793.950324
0.494,-0.556297702,2.291178901,-1.734881199,325.6739383,1.294931981,2793.875419
0.4945,-0.906354804,2.348540614,-1.442185811,334.0552715,1.319270519,2793.723242
0.495,-1.254226014,2.375819652,-1.121593638,342.4366279,1.360312385,2793.921257
0.4955,-1.550071086,2.351371209,-0.801300123,350.8187037,1.301189359,2794.023913
0.496,-1.80064215,2.248265988,-0.447623839,359.2004734,1.304778596,2793.828621
0.4965,-2.038843734,2.103937308,-0.065093574,7.581894047,1.342207449,2793.851988
0.497,-2.21498958,1.894826535,0.320163045,15.96366625,1.319725698,2793.956233
0.4975,-2.311810935,1.639421618,0.672389317,24.34536271,1.292037153,2793.791748
0.498,-2.362429698,1.337146202,1.025283495,32.72654575,1.344010404,2793.756278
0.4985,-2.372385277,1.012797896,1.359587381,41.10819918,1.347657759,2794.019612
0.499,-2.333080234,0.69529667,1.637783564,49.49036164,1.287454099,2793.981168
0.4995,-2.202222195,0.320418906,1.881803289,57.87194986,1.32243256,2793.806393
0.5,-2.039306506,-0.065863176,2.105169682,66.25347516,1.33890706,2793.906779
0.5005,-1.819012922,-0.439248683,2.258261606,74.63528758,1.303053831,2793.904212
0.501,-1.540375936,-0.789623199,2.329999135,83.01672652,1.306566633,2793.727733
0.5015,-1.228137332,-1.143208106,2.371345439,91.39796668,1.361515097,2793.863953
0.502,-0.904163071,-1.456279616,2.360442687,99.77998289,1.319843763,2794.072827
0.5025,-0.574267777,-1.719950631,2.294218408,108.1620423,1.294016289,2793.920388
0.503,-0.193808911,-1.964047404,2.157856315,116.5435893,1.335784583,2793.852
0.5035,0.194986196,-2.163472199,1.968486003,124.9253449,1.329532073,2793.974201
0.504,0.554748185,-2.288486879,1.733738694,133.3072043,1.292723064,2793.866182
0.5045,0.907477328,-2.349074061,1.441596733,141.6885339,1.328215165,2793.750055
0.505,1.255199621,-2.37698344,1.121783819,150.0700515,1.357425895,2793.980809
0.5055,1.54751268,-2.350492596,0.802979917,158.4522384,1.294275152,2794.03119
0.506,1.800571739,-2.247951771,0.447380032,166.8339976,1.312572574,2793.840534
0.5065,2.041079786,-2.105362289,0.064282504,175.215522,1.339322593,2793.890328
0.507,2.214934438,-1.895466994,-0.319467444,183.5973511,1.31458805,2793.951734
0.5075,2.309632777,-1.637962799,-0.671669978,191.978997,1.295415597,2793.777682
0.508,2.363576411,-1.336235176,-1.027341236,200.360217,1.352037445,2793.803369
0.5085,2.371935283,-1.012840982,-1.3590943,208.7420655,1.341551509,2794.077378
0.509,2.330707311,-0.695535397,-1.635171914,217.1243418,1.288486427,2794.011982
0.5095,2.204236651,-0.320333513,-1.883903138,225.5060622,1.327743903,2793.871351
0.51,2.039354935,0.066626343,-2.105981277,233.8878034,1.332126046,2793.964226
0.5105,1.819266467,0.437233615,-2.256500082,242.2697015,1.300367169,2793.911069
0.511,1.539733035,0.789855601,-2.329588636,250.6511529,1.310452398,2793.740943
0.5115,1.227974208,1.144873253,-2.372847461,259.0324799,1.362524363,2793.903525
0.512,0.906286925,1.455046275,-2.3613332,267.4145978,1.314587641,2794.089839
0.5125,0.574235934,1.718404473,-2.292640407,275.7966792,1.299083834,2793.936414
0.513,0.193374958,1.966456783,-2.159831741,284.1783391,1.337750563,2793.905866
0.5135,-0.19512094,2.16386352,-1.96874258,292.5602526,1.324794134,2794.01352
0.514,-0.553292647,2.285138611,-1.731845964,300.9421707,1.291121693,2793.87161
0.5145,-0.909301613,2.350180136,-1.440878523,309.3235151,1.331153925,2793.762611
0.515,-1.255592573,2.37744554,-1.121852967,317.7050941,1.355954027,2794.001316
0.5155,-1.545852099,2.350590411,-0.804738313,326.0873209,1.293163937,2794.03794
0.516,-1.800633481,2.24734643,-0.446712949,334.4691119,1.316946568,2793.864805
0.5165,-2.042802443,2.106924099,-0.064121656,342.8507558,1.339229817,2793.937741
0.517,-2.214354091,1.896014137,0.318339955,351.2327026,1.310119848,2793.974929
0.5175,-2.307729461,1.636315436,0.671414025,359.6143769,1.29666388,2793.783638
0.518,-2.365091059,1.335551017,1.029540042,7.995646864,1.355524395,2793.83474
0.5185,-2.372035046,1.014047974,1.357987072,16.37760437,1.337296675,2794.10483
0.519,-2.328555156,0.695312457,1.633242699,24.75991592,1.288168127,2794.014996
0.5195,-2.206359447,0.320361089,1.885998358,33.14166459,1.331988833,2793.895407
0.52,-2.038986415,-0.067212079,2.106198494,41.52352236,1.331860369,2794.009811
0.5205,-1.819237377,-0.435444202,2.254681579,49.90553192,1.296118741,2793.932676
0.521,-1.539305582,-0.790676465,2.329982047,58.28702264,1.314173905,2793.759765
0.5215,-1.227667999,-1.146076412,2.373744411,66.66844489,1.362304798,2793.941233
0.522,-0.907887526,-1.453189646,2.361077172,75.05063793,1.307885328,2794.090597
0.5225,-0.573851674,-1.717070664,2.290922338,83.43266983,1.302849143,2793.921318
0.523,-0.192987358,-1.969313467,2.162300825,91.81434866,1.342214547,2793.934853
0.5235,0.194870416,-2.163434075,1.968563659,100.1963614,1.318105679,2794.0308
0.524,0.552314554,-2.283491256,1.731176702,108.5782581,1.290811027,2793.851358
0.5245,0.911014555,-2.351455295,1.44044074,116.9595735,1.337754177,2793.775952
0.525,1.255530662,-2.377945739,1.122415077,125.3412422,1.351994141,2794.028975
0.5255,1.543723879,-2.349867559,0.80614368,133.7234909,1.289635551,2794.025551
0.526,1.801267755,-2.247449917,0.446182162,142.1052475,1.324535433,2793.874068
0.5265,2.044441424,-2.108013043,0.063571619,150.4869891,1.337081701,2793.976313
0.527,2.212977201,-1.89608778,-0.316889421,158.8689899,1.302844464,2793.963147
0.5275,2.306189441,-1.634691612,-0.67149783,167.2505804,1.302220805,2793.762457
0.528,2.366446522,-1.335011372,-1.031435149,175.631849,1.356050589,2793.846103
0.5285,2.371240136,-1.014412592,-1.356827544,184.0138015,1.328922499,2794.07418
0.529,2.327405683,-0.695794279,-1.631611403,192.3959476,1.291270322,2793.955797
0.5295,2.20899214,-0.320485382,-1.888506758,200.7775882,1.338853703,2793.889388
0.53,2.038214896,0.067725663,-2.105940559,209.1594739,1.326680419,2794.012934
0.5305,1.818705401,0.433915485,-2.252620886,217.541426,1.293990655,2793.896592
0.531,1.538393541,0.791598829,-2.32999237,225.9228174,1.320171783,2793.744203
0.5315,1.228063816,1.147658776,-2.375722593,234.3042224,1.355812512,2793.922991
0.532,0.909441155,1.451021266,-2.360462421,242.6862651,1.303060235,2794.011493
0.5325,0.573353521,1.717116268,-2.290469789,251.0680422,1.309383263,2793.850883
0.533,0.192226338,1.972001497,-2.164227835,259.4495904,1.344279175,2793.910284
0.5335,-0.194560287,2.162924336,-1.968364049,267.831531,1.314288128,2793.99681
0.534,-0.551674566,2.281225254,-1.729550687,276.2133,1.293672255,2793.812054
0.5345,-0.91266372,2.352782524,-1.440118804,284.5945538,1.342573264,2793.777694
0.535,-1.255461931,2.378024588,-1.122562657,292.9762414,1.344902996,2794.01862
0.5355,-1.541647363,2.349106066,-0.807458703,301.3583792,1.288926379,2793.973234
0.536,-1.803016529,2.248584416,-0.445567887,309.7399799,1.326269254,2793.826913
0.5365,-2.045939283,2.10853393,-0.062594647,318.1215984,1.337103989,2793.938381
0.537,-2.211380057,1.89585317,0.315526887,326.5034784,1.301528054,2793.918111
0.5375,-2.305835599,1.633875644,0.671959955,334.8849394,1.305956207,2793.730185
0.538,-2.367628642,1.334255317,1.033373325,343.2661626,1.358198924,2793.845305
0.5385,-2.370193744,1.015036262,1.355157481,351.6480975,1.321781624,2794.046642
0.539,-2.325347233,0.695000679,1.630346554,0.030099651,1.294151332,2793.905195
0.5395,-2.211173532,0.320062989,1.891110543,8.411624285,1.339859441,2793.859368
0.54,-2.038500493,-0.068120988,2.106621481,16.7934313,1.326822304,2793.988986
0.5405,-1.817643901,-0.432609719,2.250253619,25.17529764,1.291147877,2793.858043
0.541,-1.537653352,-0.793385176,2.331038527,33.55657936,1.327010115,2793.726896
0.5415,-1.228075535,-1.148529379,2.376604915,41.9380092,1.356474292,2793.945927
0.542,-0.911178907,-1.449001724,2.360180631,50.32010229,1.298244891,2794.012325
0.5425,-0.572632552,-1.717319697,2.289952249,58.70185165,1.313372061,2793.847229
0.543,-0.191688543,-1.974256333,2.165944876,67.08343365,1.344668925,2793.930115
0.5435,0.194037818,-2.162173624,1.968135806,75.4654166,1.310260879,2793.997255
0.544,0.551239859,-2.279412061,1.728172202,83.84714347,1.293645596,2793.790687
0.5445,0.914596165,-2.354482721,1.439886556,92.22837221,1.349943562,2793.795611
0.545,1.254862196,-2.377953663,1.123091467,100.6101635,1.339426796,2794.046883
0.5455,1.539936226,-2.347995921,0.808059695,108.9923221,1.287897403,2793.96672
0.546,1.804806429,-2.249629664,0.444823235,117.3739199,1.331456472,2793.842618
0.5465,2.046431764,-2.108374209,0.061942446,125.7556284,1.334703396,2793.969173
0.547,2.209520946,-1.895603464,-0.313917483,134.1375504,1.296870409,2793.91118
0.5475,2.305984903,-1.633173649,-0.672811253,142.5189767,1.312711182,2793.734396
0.548,2.368927655,-1.334273451,-1.034654204,150.9002851,1.358224542,2793.885972
0.5485,2.370051491,-1.016053845,-1.353997646,159.2822967,1.313203221,2794.041657
0.549,2.323708233,-0.694481015,-1.629227218,167.6642252,1.300386408,2793.887497
0.5495,2.214176341,-0.319805836,-1.894370505,176.0457819,1.343312107,2793.893579
0.55,2.037852347,0.068392184,-2.106244531,184.4277,1.32141417,2794.012976
0.5505,1.816713779,0.431272015,-2.247985794,192.8095787,1.290828126,2793.851364
0.551,1.537522287,0.794902953,-2.33242524,201.1908867,1.33629765,2793.768269
0.5515,1.228774589,1.148710761,-2.377485351,209.5725154,1.351769222,2794.01221
0.552,0.913392472,1.447214177,-2.360606649,217.9547385,1.294707645,2794.034715
0.5525,0.57169053,1.71757093,-2.28926146,226.3365547,1.320383417,2793.888276
0.553,0.190887179,1.976021067,-2.166908247,234.7183028,1.338602312,2793.976469
0.5535,-0.193137647,2.160954823,-1.967817176,243.1003369,1.305935299,2793.988033
0.554,-0.551145454,2.277597554,-1.7264521,251.4820155,1.298499616,2793.784131
0.5545,-0.916354166,2.356214714,-1.439860548,259.8632994,1.354186662,2793.83788
0.555,-1.253835385,2.377599668,-1.123764283,268.24523,1.333205753,2794.07884
0.5555,-1.537143498,2.342577919,-0.805434421,276.6274319,1.290489104,2793.979313
0.556,-1.807504479,2.252757472,-0.445252993,285.0091216,1.336365445,2793.895501
0.5565,-2.046521192,2.10864054,-0.062119348,293.3910039,1.327607433,2794.010652
0.557,-2.208141827,1.896081252,0.312060575,301.7729678,1.295634109,2793.908083
0.5575,-2.305453687,1.631793972,0.673659715,310.1543907,1.316307892,2793.743856
0.558,-2.371280988,1.335338056,1.035942932,318.5357661,1.358228506,2793.91484
0.5585,-2.369673815,1.018032934,1.351640881,326.917843,1.30917399,2794.049089
0.559,-2.322247398,0.694026943,1.628220455,335.2997781,1.305507875,2793.900779
0.5595,-2.21704571,0.319758133,1.897287577,343.6814374,1.344750922,2793.942163
0.56,-2.037321644,-0.068048208,2.105369852,352.0634892,1.316211867,2794.041659
0.5605,-1.815639137,-0.43020536,2.245844497,0.445394904,1.290179518,2793.848715
0.561,-1.537461859,-0.796304772,2.333766631,8.826700889,1.338737859,2793.775157
0.5615,-1.22955128,-1.14855389,2.37810517,17.20836711,1.350020413,2794.022864
0.562,-0.914091332,-1.444812561,2.358903893,25.59058997,1.292181338,2794.022471
0.5625,-0.571155085,-1.718518347,2.289673432,33.97236792,1.325170747,2793.888063
0.563,-0.190721389,-1.977405196,2.168126586,42.35416413,1.338125522,2793.999429
0.5635,0.191928762,-2.159599138,1.967670375,50.73624255,1.30225825,2793.988849
0.564,0.551406418,-2.27645696,1.725050542,59.11789284,1.300126445,2793.77389
0.5645,0.918294336,-2.358434789,1.440140453,67.49917797,1.356926871,2793.851015
0.565,1.252291662,-2.37667791,1.124386247,75.88114568,1.32726199,2794.074889
0.5655,1.536700073,-2.34438783,0.807687757,84.26327804,1.291627637,2793.949501
0.566,1.809820968,-2.254444426,0.444623458,92.64491976,1.341875278,2793.90119
0.5665,2.0462566,-2.107389305,0.061132705,101.0268695,1.325962167,2794.037202
0.567,2.206141766,-1.895270352,-0.310871414,109.4088784,1.292413648,2793.908677
0.5675,2.305602746,-1.630505625,-0.675097121,117.7902967,1.321561867,2793.755312
0.568,2.372470242,-1.335440647,-1.037029595,126.1717578,1.357262652,2793.9494
0.5685,2.368647169,-1.019058589,-1.34958858,134.5538945,1.302873268,2794.044843
0.569,2.320904948,-0.692818253,-1.628086695,142.9357866,1.312489364,2793.900079
0.5695,2.219226172,-0.319450475,-1.899775697,151.3175251,1.345957477,2793.985437
0.57,2.036633008,0.067875245,-2.104508253,159.6996785,1.308457977,2794.050077
0.5705,1.814705547,0.429409433,-2.244114981,168.0815337,1.291553479,2793.822834
0.571,1.537577362,0.797996622,-2.335573984,176.4628085,1.344712934,2793.788537
0.5715,1.230551284,1.147985627,-2.378536911,184.8445477,1.344164434,2794.037038
0.572,0.915067936,1.442960488,-2.358028424,193.2267397,1.290181911,2793.994531
0.5725,0.57011534,1.71947691,-2.28959225,201.608456,1.333370906,2793.893192
0.573,0.190319467,1.978689523,-2.169008989,209.9903325,1.333804794,2794.02549
0.5735,-0.190615749,2.1578063,-1.967190551,218.3724161,1.297233626,2793.964897
0.574,-0.552142733,2.276273656,-1.724130923,226.753973,1.306215604,2793.755427
0.5745,-0.920022192,2.360201254,-1.440179062,235.13525,1.353603277,2793.84733
0.575,-1.250908469,2.376134632,-1.125226163,243.5171345,1.320443734,2794.016761
0.5755,-1.535780545,2.344520413,-0.808739868,251.8990467,1.296828619,2793.882293
0.576,-1.812598987,2.257017339,-0.444418352,260.2805719,1.34744076,2793.891462
0.5765,-2.045309479,2.105498715,-0.060189236,268.6625263,1.321125593,2794.031476
0.577,-2.204095109,1.8946392,0.309455909,277.0444651,1.292215928,2793.875901
0.5775,-2.307428164,1.630973445,0.67645472,285.4258131,1.3272326,2793.751709
0.578,-2.373638231,1.335910072,1.037728159,293.8072846,1.349895297,2793.936739
0.5785,-2.36753631,1.019956463,1.347579848,302.1892911,1.300413245,2793.979331
0.579,-2.319880505,0.691550811,1.628329694,310.570986,1.317406891,2793.847336
0.5795,-2.220719616,0.31856352,1.902156096,318.9526202,1.346245436,2793.960431
0.58,-2.035543045,-0.067509985,2.103053029,327.334686,1.305550428,2794.010953
0.5805,-1.813437691,-0.429210996,2.242648687,335.7164115,1.295123399,2793.787052
0.581,-1.537749307,-0.799451138,2.337200445,344.0976316,1.34744324,2793.786428
0.5815,-1.231457632,-1.147560196,2.379017828,352.4793596,1.337772701,2794.015336
0.582,-0.915601687,-1.440950448,2.356552134,0.861417616,1.290155272,2793.938217
0.5825,-0.569467983,-1.721707507,2.29117549,9.242975352,1.335450431,2793.84756
0.583,-0.18983851,-1.979214433,2.169052944,17.62473431,1.333319476,2793.988232
0.5835,0.189425221,-2.15626715,1.966841929,26.00669621,1.296394292,2793.920372
0.584,0.55317062,-2.27586178,1.722691159,34.38813465,1.310770452,2793.73063
0.5845,0.921436806,-2.361672097,1.440235291,42.76939148,1.354619644,2793.85238
0.585,1.249156895,-2.375626198,1.126469303,51.15126918,1.314301332,2793.994378
0.5855,1.5348627,-2.342590295,0.807727595,59.53306429,1.299838584,2793.842922
0.586,1.815939091,-2.260239827,0.444300736,67.91451241,1.349141328,2793.877163
0.5865,2.043939017,-2.103758026,0.059819009,76.2964284,1.318561914,2794.012535
0.587,2.20243779,-1.893933972,-0.308503818,84.67826829,1.289512227,2793.828576
0.5875,2.308391205,-1.63047516,-0.677916045,93.05948311,1.33436275,2793.727868
0.588,2.374697298,-1.336755826,-1.037941472,101.4409553,1.34912858,2793.94701
0.5885,2.367289207,-1.021633673,-1.345655533,109.8229602,1.295854592,2793.961134
0.589,2.318721487,-0.689750524,-1.628970964,118.2045784,1.322431191,2793.831489
0.5895,2.22166123,-0.318130889,-1.903530341,126.5862087,1.344371577,2793.961432
0.59,2.035101288,0.066952446,-2.102053734,134.9682356,1.301461919,2793.979982
0.5905,1.811903657,0.42920662,-2.241110277,143.3498354,1.297258779,2793.745375
0.591,1.538774304,0.801319462,-2.340093766,151.730985,1.353394281,2793.787955
0.5915,1.231988573,1.146315518,-2.378304091,160.1127366,1.329402519,2794.00398
0.592,0.916793083,1.440056262,-2.356849345,168.4946762,1.291175857,2793.887313
0.5925,0.567951664,1.723743769,-2.291695433,176.8761243,1.341527661,2793.834441
0.593,0.189542061,1.979815152,-2.169357214,185.2578911,1.32997311,2793.989804
0.5935,-0.188310142,2.154465402,-1.966155259,193.6398081,1.293822344,2793.890205
0.594,-0.554387521,2.275617062,-1.721229541,202.0211708,1.318719037,2793.729121
0.5945,-0.922852326,2.36325631,-1.440403984,210.402499,1.352867916,2793.884206
0.595,-1.247258595,2.374519401,-1.127260807,218.7844116,1.306446633,2793.974845
0.5955,-1.534336316,2.340980737,-0.806644421,227.1661052,1.307583234,2793.822588
0.596,-1.819209083,2.263241453,-0.44403237,235.5475727,1.348683219,2793.89586
0.5965,-2.042919718,2.102482741,-0.059563022,243.9295093,1.312809832,2793.998062
0.597,-2.200672228,1.893237509,0.307434718,252.3112535,1.291305443,2793.7927
0.5975,-2.310023888,1.63046494,0.679558948,260.6924261,1.34303903,2793.747995
0.598,-2.374728974,1.337411779,1.037317195,269.07402,1.343148227,2793.981838
0.5985,-2.366159576,1.022257284,1.343902291,277.4560578,1.294413058,2793.956303
0.599,-2.317993993,0.688119562,1.62987443,285.8376835,1.329446425,2793.856473
0.5995,-2.223395306,0.317758607,1.905636699,294.2194246,1.336982409,2793.984594
0.6,-2.034372311,-0.065879841,2.100252152,302.6014297,1.299174369,2793.951285
0.6005,-1.81115235,-0.429455567,2.240607918,310.9829419,1.301628123,2793.727603
0.601,-1.539965624,-0.802924617,2.342890242,319.3640961,1.355478994,2793.804783
0.6015,-1.23285786,-1.144823026,2.377680886,327.745892,1.324041589,2794.003374
0.602,-0.913888298,-1.438354236,2.352242534,336.1277953,1.295459775,2793.88088
0.6025,-0.567789456,-1.726109958,2.293899414,344.50929,1.34527029,2793.871066
0.603,-0.189527163,-1.979730545,2.169257708,352.8911737,1.323718622,2794.01321
0.6035,0.186700046,-2.15250304,1.965802993,1.27308748,1.292609634,2793.873593
0.604,0.555454671,-2.276583397,1.721128727,9.654397965,1.320750138,2793.716733
0.6045,0.923452298,-2.365474138,1.44202184,18.03570995,1.352732627,2793.88195
0.605,1.245093699,-2.373775998,1.128682298,26.41760224,1.304186637,2793.95974
0.6055,1.534201565,-2.339454765,0.8052532,34.79925713,1.313359333,2793.826264
0.606,1.822227066,-2.266415175,0.444188109,43.18080164,1.349426321,2793.934603
0.6065,2.04060108,-2.100400765,0.059799685,51.56283368,1.307376089,2794.011878
0.607,2.199680907,-1.892747006,-0.306933902,59.94456298,1.291655288,2793.779224
0.6075,2.311529519,-1.630392946,-0.681136573,68.32571659,1.346365358,2793.754133
0.608,2.375912167,-1.338633194,-1.037278974,76.70735425,1.341212466,2793.995516
0.6085,2.365172959,-1.023193263,-1.341979697,85.08939802,1.291723588,2793.945227
0.609,2.317808973,-0.686568796,-1.631240177,93.47099114,1.334962122,2793.860464
0.6095,2.224435919,-0.317810982,-1.906624937,101.8527988,1.336139467,2794.01373
0.61,2.033851622,0.064674653,-2.098526275,110.2348656,1.2960073,2793.959082
0.6105,1.809841735,0.430283378,-2.240125112,118.6163812,1.304217561,2793.732285
0.611,1.540927047,0.8041946,-2.345121647,126.9975792,1.355845024,2793.825349
0.6115,1.233648894,1.143356351,-2.377005245,135.3794079,1.317902893,2793.993075
0.612,0.91647437,1.4379057,-2.35438007,143.7612298,1.298352162,2793.85303
0.6125,0.566666784,1.728723642,-2.295390426,152.1427027,1.351052328,2793.889625
0.613,0.189017238,1.97890365,-2.167920888,160.5246794,1.319067608,2794.038036
0.6135,-0.185879427,2.150916298,-1.96503687,168.9066105,1.29118957,2793.865948
0.614,-0.557000428,2.277023698,-1.72002327,177.287917,1.327163746,2793.735792
0.6145,-0.924149493,2.366728981,-1.442579488,185.6693432,1.350503897,2793.923631
0.615,-1.242807772,2.372051587,-1.129243815,194.0513083,1.298830368,2793.960938
0.6155,-1.534916396,2.338485624,-0.803569228,202.4329558,1.322042542,2793.845238
0.616,-1.824667106,2.269220841,-0.444553735,210.8146409,1.34764389,2793.990762
0.6165,-2.039565976,2.099377225,-0.059811249,219.1967846,1.300232749,2794.020455
0.617,-2.198510124,1.892168935,0.306341189,227.5784818,1.295172833,2793.768261
0.6175,-2.313653346,1.631069705,0.682583641,235.9596574,1.349599709,2793.779329
0.618,-2.375803823,1.339324433,1.03647939,244.341369,1.334395797,2794.001678
0.6185,-2.364150511,1.023978005,1.340172507,252.7233563,1.291371226,2793.912877
0.619,-2.317515002,0.684571887,1.632943115,261.104897,1.344042858,2793.874743
0.6195,-2.225772332,0.318376554,1.907395778,269.4868138,1.330315731,2794.045673
0.62,-2.033279828,-0.063423639,2.096703467,277.868901,1.293520806,2793.946591
0.6205,-1.809050904,-0.430780642,2.239831546,286.2503814,1.309662558,2793.735519
0.621,-1.5419296,-0.805447743,2.347377343,294.6316119,1.349216671,2793.82228
0.6215,-1.234673511,-1.14133787,2.376011381,303.0133297,1.312190523,2793.92371
0.622,-0.914086014,-1.436995614,2.351081629,311.3949147,1.304514419,2793.785605
0.6225,-0.566574826,-1.73147346,2.298048286,319.7762668,1.354021373,2793.870924
0.623,-0.189224959,-1.977937688,2.167162646,328.158191,1.313803535,2794.007038
0.6235,0.184469744,-2.148800229,1.964330486,336.5399782,1.292280945,2793.812372
0.624,0.558381796,-2.278932771,1.720550975,344.9211651,1.332715777,2793.717587
0.6245,0.924127742,-2.367887845,1.443760104,353.3025619,1.344107734,2793.900891
0.625,1.241186699,-2.37151201,1.130325311,1.684382615,1.297454216,2793.896347
0.6255,1.535557776,-2.337423452,0.801865676,10.0658385,1.325303484,2793.79037
0.626,1.82688323,-2.271912606,0.445029376,18.44738502,1.346042599,2793.944574
0.6265,2.037754977,-2.098181047,0.06042607,26.82936455,1.298724189,2793.957374
0.627,2.197283013,-1.891122558,-0.306160455,35.21087416,1.298585559,2793.715072
0.6275,2.316082203,-1.631838757,-0.684243446,43.59193796,1.351743551,2793.755754
0.628,2.375230309,-1.339934692,-1.035295617,51.97356748,1.328000642,2793.955233
0.6285,2.363328689,-1.024390587,-1.338938102,60.35535041,1.292103827,2793.835757
0.629,2.317622664,-0.682769383,-1.634853281,68.73667827,1.346164743,2793.812522
0.6295,2.225049907,-0.317980509,-1.907069398,77.11842349,1.328944806,2793.98723
0.63,2.03278939,0.062353706,-2.095143096,85.50031295,1.292164328,2793.87324
0.6305,1.807789941,0.432168155,-2.239958096,93.88158627,1.314893505,2793.682597
0.631,1.542597728,0.806321796,-2.348919524,102.2627118,1.34884037,2793.795229
0.6315,1.235743698,1.139678072,-2.37542177,110.644319,1.307463718,2793.869191
0.632,0.913808773,1.436912368,-2.350721141,119.025707,1.307822622,2793.723151
0.6325,0.566219047,1.734979058,-2.301198106,127.4069164,1.355824233,2793.835607
0.633,0.188684766,1.976158461,-2.164843226,135.7887332,1.309968929,2793.960711
0.6335,-0.184060554,2.147942885,-1.963882331,144.1703361,1.291545172,2793.741261
0.634,-0.560179869,2.279766688,-1.71958682,152.5513445,1.340798442,2793.68554
0.6345,-0.923880136,2.368581052,-1.444700916,160.9327133,1.340675508,2793.893758
0.635,-1.239705152,2.370660423,-1.130955271,169.3144591,1.294322899,2793.853993
0.6355,-1.536467035,2.334989924,-0.798522889,177.695786,1.331282415,2793.763029
0.636,-1.828568716,2.274021354,-0.445452638,186.0772996,1.343267794,2793.934347
0.6365,-2.035818557,2.097052051,-0.061233494,194.4591985,1.294961138,2793.912032
0.637,-2.196705739,1.890272878,0.306432861,202.8405544,1.302891515,2793.672353
0.6375,-2.318754615,1.633241343,0.685513271,211.2215444,1.353333707,2793.744503
0.638,-2.374694014,1.34055618,1.034137835,219.6031098,1.319146214,2793.904996
0.6385,-2.362164728,1.024187989,1.337976739,227.9846643,1.295401504,2793.755358
0.639,-2.318354533,0.681051874,1.637302659,236.365816,1.351830381,2793.77981
0.6395,-2.225035355,0.318186935,1.906848419,244.7474931,1.323237135,2793.954251
0.64,-2.032200388,-0.061435228,2.093635616,253.1292207,1.291872185,2793.807889
0.6405,-1.80650577,-0.433494191,2.23999996,261.5103401,1.323429479,2793.661136
0.641,-1.543790956,-0.807477914,2.35126887,269.8914809,1.346628023,2793.807726
0.6415,-1.236846947,-1.137725442,2.374572388,278.273071,1.301688235,2793.838932
0.642,-0.912696395,-1.437605041,2.350301436,286.6543541,1.316791659,2793.709802
0.6425,-0.566052897,-1.738046392,2.304099289,295.0355941,1.351087341,2793.84496
0.643,-0.188533825,-1.974168739,2.162702564,303.4173599,1.30464576,2793.91614
0.6435,0.183588667,-2.146802238,1.963213572,311.7987942,1.295781512,2793.690522
0.644,0.561790887,-2.281610297,1.71981941,320.1797316,1.347529274,2793.693442
0.6445,0.923507851,-2.368987712,1.44547986,328.561168,1.335387047,2793.909578
0.645,1.237988258,-2.369276962,1.131288704,336.9429051,1.294375034,2793.841787
0.6455,1.538423028,-2.336594885,0.798171858,345.3242322,1.338067578,2793.787416
0.646,1.829881258,-2.275557943,0.445676684,353.7058465,1.33480551,2793.949926
0.6465,2.033820118,-2.09542244,0.061602323,2.087700894,1.294842524,2793.881586
0.647,2.196342947,-1.889195218,-0.307147728,10.46898109,1.306117259,2793.658344
0.6475,2.321623774,-1.634481716,-0.687142058,18.84996774,1.354096605,2793.751885
0.648,2.373146096,-1.340876654,-1.032269442,27.23154114,1.314975086,2793.89416
0.6485,2.361183837,-1.023633922,-1.337549915,35.61304951,1.301214762,2793.753247
0.649,2.31952365,-0.679579615,-1.639944035,43.99427115,1.354426859,2793.822868
0.6495,2.224548357,-0.318013277,-1.906535079,52.37607744,1.317957454,2793.983206
0.65,2.031432433,0.060361121,-2.091793554,60.75783166,1.291167444,2793.804811
0.6505,1.806401934,0.434960145,-2.241362079,69.13894819,1.326057885,2793.668299
0.651,1.544915875,0.807809161,-2.352725036,77.52013774,1.346445448,2793.828079
0.6515,1.237763117,1.135626333,-2.37338945,85.90177684,1.299753259,2793.84804
0.652,0.907812328,1.438199476,-2.346011804,94.28309936,1.322907863,2793.741377
0.6525,0.567507619,1.740329235,-2.307836853,102.6644958,1.350311017,2793.905409
0.653,0.189388984,1.972141424,-2.161530408,111.04641,1.299964298,2793.947629
0.6535,-0.182607068,2.145626218,-1.96301915,119.4278882,1.295697482,2793.696501
0.654,-0.563037107,2.283752392,-1.720715285,127.8088576,1.350331079,2793.713983
0.6545,-0.922186207,2.369192675,-1.447006468,136.1903609,1.33072608,2793.920265
0.655,-1.236376844,2.368765322,-1.132388478,144.5720695,1.2923914,2793.816821
0.6555,-1.539980942,2.336485885,-0.796504944,152.953331,1.343834107,2793.782565
0.656,-1.830197621,2.27666301,-0.446465389,161.3349797,1.332405785,2793.963177
0.6565,-2.031336606,2.094084296,-0.062747689,169.7168297,1.291367575,2793.863395
0.657,-2.196671421,1.888726457,0.307944963,178.0980379,1.309863353,2793.641451
0.6575,-2.323836442,1.635898077,0.687938365,186.4790044,1.352322426,2793.745506
0.658,-2.372632758,1.341758828,1.03087393,194.8605115,1.309723295,2793.850048
0.6585,-2.359923838,1.022631271,1.337292568,203.2418615,1.306944221,2793.711408
0.659,-2.321363038,0.678754184,1.642608854,211.6230426,1.358876656,2793.8355
0.6595,-2.223203166,0.318051363,1.905151803,220.0048944,1.310417404,2793.979429
0.66,-2.031366859,-0.059227207,2.090594066,228.3865618,1.292182887,2793.765943
0.6605,-1.806105808,-0.436456937,2.242562745,236.76761,1.333107854,2793.672477
0.661,-1.54603321,-0.807627594,2.353660804,245.1488669,1.342541888,2793.849273
0.6615,-1.238468623,-1.133754302,2.372222925,253.5305088,1.29617828,2793.829213
0.662,-0.909997065,-1.439265597,2.349262662,261.9117816,1.331360769,2793.748564
0.6625,-0.566482412,-1.742136611,2.308619023,270.2932727,1.347023574,2793.940426
0.663,-0.189160462,-1.969475255,2.158635717,278.6752263,1.294235164,2793.934457
0.6635,0.182567738,-2.145047139,1.962479401,287.0566336,1.301323035,2793.6826
0.664,0.564629363,-2.28566545,1.721036087,295.4376196,1.349993864,2793.728412
0.6645,0.921262985,-2.36865772,1.447394734,303.8191279,1.324216613,2793.898062
0.665,1.234881679,-2.367269175,1.132387496,312.2007113,1.294551605,2793.771076
0.6655,1.542439078,-2.335592725,0.793153646,320.5819086,1.35319066,2793.798395
0.666,1.829612833,-2.276270914,0.446658081,328.9636689,1.325590736,2793.992871
0.6665,2.030030971,-2.094105789,0.064074818,337.3455385,1.291986245,2793.859986
0.667,2.19716842,-1.888642886,-0.308525534,345.7267711,1.315100866,2793.669396
0.6675,2.326581583,-1.638008658,-0.688572925,354.1078394,1.345168706,2793.763363
0.668,2.371273739,-1.342491833,-1.028781906,2.489304298,1.306150699,2793.810367
0.6685,2.358674489,-1.021466338,-1.337208151,10.87052753,1.312726329,2793.683273
0.669,2.32334541,-0.678030402,-1.645315008,19.25169454,1.360454695,2793.846784
0.6695,2.221700563,-0.318536328,-1.903164235,27.63357053,1.305436966,2793.972587
0.67,2.031058004,0.058244592,-2.089302596,36.01518004,1.295177121,2793.748361
0.6705,1.805543414,0.437946594,-2.243490007,44.39623129,1.337551471,2793.694729
0.671,1.547399586,0.807221744,-2.354621331,52.77757105,1.336611395,2793.863736
0.6715,1.239283901,1.131952615,-2.371236516,61.1591843,1.294586493,2793.803333
0.672,0.908541737,1.440795747,-2.349337484,69.54037598,1.333957637,2793.727867
0.6725,0.567384224,1.743359526,-2.31074375,77.92181757,1.34420899,2793.918476
0.673,0.189567467,1.967232093,-2.156799559,86.30367395,1.294032354,2793.896199
0.6735,-0.182485809,2.143993602,-1.961507793,94.68497758,1.3038745,2793.656738
0.674,-0.566169317,2.28852159,-1.722352273,103.0659206,1.35136384,2793.723517
0.6745,-0.919751662,2.367535063,-1.447783401,111.4473968,1.318226854,2793.868385
0.675,-1.234369025,2.367035393,-1.132666368,119.8288351,1.296111358,2793.717415
0.6755,-1.544797646,2.337655825,-0.79285818,128.2099,1.355487458,2793.765138
0.676,-1.829289743,2.276028457,-0.446738715,136.5915706,1.322926944,2793.957537
0.6765,-2.02838071,2.092878264,-0.064497554,144.973299,1.29078844,2793.803747
0.677,-2.197582961,1.887670321,0.30991264,153.3543794,1.320664651,2793.636291
0.6775,-2.328591439,1.639295049,0.68929639,161.735409,1.345374836,2793.761142
0.678,-2.369853375,1.342926491,1.026926884,170.1168444,1.301467697,2793.784168
0.6785,-2.358072342,1.020066691,1.33800565,178.4979668,1.317976622,2793.659943
0.679,-2.325276144,0.677732444,1.6475437,186.8791179,1.360071852,2793.849489
0.6795,-2.219487794,0.318417403,1.901070391,195.2609732,1.300819174,2793.948512
0.68,-2.030796925,-0.057690603,2.088487528,203.6424677,1.296481953,2793.706323
0.6805,-1.805765933,-0.439495003,2.245260936,212.0234451,1.344743442,2793.698079
0.681,-1.548167044,-0.806523515,2.354690559,220.4048401,1.330632361,2793.87372
0.6815,-1.239576879,-1.130618001,2.37019488,228.7864121,1.293249488,2793.774094
0.682,-0.907147132,-1.442229176,2.349376308,237.1675313,1.339531092,2793.721149
0.6825,-0.568253136,-1.744742845,2.312995981,245.5489929,1.34055437,2793.922083
0.683,-0.189903458,-1.964564168,2.154467626,253.9308067,1.29135902,2793.865868
0.6835,0.183001341,-2.14508765,1.962086309,262.3120274,1.310779919,2793.648912
0.684,0.567251064,-2.290818261,1.723567197,270.6930147,1.350189448,2793.746481
0.6845,0.918165434,-2.365967851,1.447802417,279.0745031,1.309960704,2793.840834
0.685,1.233877725,-2.366105873,1.132228148,287.4558018,1.30208021,2793.677283
0.6855,1.547121695,-2.33854508,0.791423385,295.8368214,1.357633604,2793.768366
0.686,1.82829757,-2.274878814,0.446581245,304.2184904,1.316491449,2793.937848
0.6865,2.027106302,-2.092612322,0.06550602,312.6001014,1.292818157,2793.760255
0.687,2.198458125,-1.887113101,-0.311345023,320.9811203,1.329536231,2793.651079
0.6875,2.3301008,-1.6406757,-0.6894251,329.362264,1.340577084,2793.798009
0.688,2.36817292,-1.343083867,-1.025089053,337.7437429,1.298477092,2793.779436
0.6885,2.357982824,-1.018944149,-1.339038675,346.1248596,1.325570906,2793.679813
0.689,2.327273883,-0.677665126,-1.649608757,354.5061113,1.352521504,2793.869745
0.6895,2.217095425,-0.31884816,-1.898247265,2.887923052,1.296422068,2793.904708
0.69,2.030665548,0.057154619,-2.087820167,11.26926378,1.301200233,2793.663891
0.6905,1.806170876,0.440787859,-2.246958735,19.65017821,1.347368724,2793.694887
0.691,1.548931357,0.805731823,-2.354663181,28.03156495,1.3256096,2793.857731
0.6915,1.23971243,1.129218885,-2.368931315,36.41304519,1.295137988,2793.74117
0.692,0.906020943,1.444534241,-2.350555184,44.79412085,1.346107234,2793.733486
0.6925,0.569103615,1.745291903,-2.314395517,53.17564603,1.332327411,2793.925718
0.693,0.190440539,1.962385744,-2.152826284,61.55738589,1.291983966,2793.828678
0.6935,-0.183641211,2.145829375,-1.962188164,69.93851069,1.312533361,2793.624227
0.694,-0.568093228,2.293154477,-1.725061248,78.31944179,1.350039633,2793.730321
0.6945,-0.91646198,2.364073474,-1.447611494,86.70086837,1.30779286,2793.812174
0.695,-1.233741376,2.365254452,-1.131513077,95.0820872,1.307588125,2793.666396
0.6955,-1.549643919,2.339782294,-0.790138375,103.4631464,1.360104483,2793.800314
0.696,-1.826804275,2.273737368,-0.446933094,111.844904,1.310138023,2793.949195
0.6965,-2.025739375,2.092029004,-0.066289629,120.2264852,1.293586906,2793.741619
0.697,-2.199733817,1.886906102,0.312827715,128.6074717,1.332439296,2793.652004
0.6975,-2.331265019,1.6420202,0.689244819,136.9886457,1.339887512,2793.810869
0.698,-2.366716305,1.343509314,1.023206991,145.3701412,1.295736933,2793.773967
0.6985,-2.35845059,1.017813498,1.340637092,153.7512473,1.332148437,2793.694881
0.699,-2.328819685,0.678142443,1.650677242,162.1326053,1.350735202,2793.910658
0.6995,-2.215185613,0.318936091,1.896249522,170.5145073,1.293855814,2793.9225
0.7,-2.03039206,-0.056976682,2.087368742,178.8958835,1.302981041,2793.677494
0.7005,-1.806560986,-0.44240577,2.248966755,187.2768777,1.351055259,2793.737902
0.701,-1.550036603,-0.80411852,2.354155123,195.6584041,1.320152302,2793.891504
0.7015,-1.239673673,-1.128126318,2.36779999,204.0399295,1.295530638,2793.747883
0.702,-0.904967798,-1.446715191,2.351682988,212.4210686,1.353407326,2793.781476
0.7025,-0.570464412,-1.744887062,2.315351475,220.802789,1.327210805,2793.985752
0.703,-0.19081498,-1.960102214,2.150917194,229.1846492,1.290967825,2793.856087
0.7035,0.184287962,-2.146839572,1.96255161,237.5658682,1.316795374,2793.669116
0.704,0.568633995,-2.295329002,1.726695007,245.9469669,1.347598748,2793.785239
0.7045,0.914643006,-2.362160813,1.447517807,254.3285028,1.302253762,2793.824519
0.705,1.234216222,-2.364488493,1.130272271,262.7097418,1.315516377,2793.691529
0.7055,1.551734304,-2.341296496,0.789562193,271.0909638,1.360514132,2793.870366
0.706,1.824482759,-2.270942483,0.446459724,279.472893,1.30200155,2793.978185
0.7065,2.024427419,-2.091870975,0.067443556,287.8544897,1.296537994,2793.742804
0.707,2.201531425,-1.887400597,-0.314130827,296.2355413,1.338018424,2793.698935
0.7075,2.33170908,-1.643342927,-0.688366153,304.6168815,1.333390474,2793.853196
0.708,2.365829226,-1.344128283,-1.021700943,312.9984274,1.294395122,2793.774387
0.7085,2.359073331,-1.017048169,-1.342025162,321.3795683,1.341112528,2793.736136
0.709,2.330915698,-0.67914231,-1.651773388,329.7611192,1.345624949,2793.972893
0.7095,2.213098115,-0.319385889,-1.893712226,338.1431377,1.290871347,2793.941606
0.71,2.030758962,0.056686421,-2.087445383,346.5245666,1.308108328,2793.708095
0.7105,1.808181244,0.443580465,-2.251761709,354.9056825,1.346340924,2793.770889
0.711,1.550085126,0.802371107,-2.352456233,3.287224919,1.314059316,2793.866618
0.7115,1.239474333,1.127300346,-2.366774678,11.66863251,1.299737373,2793.712618
0.712,0.903850082,1.448856589,-2.352706671,20.04974004,1.358885982,2793.798031
0.7125,0.571145171,1.744152345,-2.315297516,28.43153176,1.320242712,2793.994506
0.713,0.191703852,1.958556639,-2.150260492,36.81335512,1.293123955,2793.839025
0.7135,-0.185205458,2.148002634,-1.962797176,45.19457241,1.321740563,2793.690047
0.714,-0.568934863,2.297077427,-1.728142564,53.57575161,1.340963468,2793.79728
0.7145,-0.912882104,2.360101757,-1.447219652,61.95724303,1.300481786,2793.791451
0.715,-1.234700267,2.363554523,-1.128854256,70.33838984,1.320443484,2793.675145
0.7155,-1.554159842,2.343300928,-0.789141085,78.71961787,1.360961763,2793.882805
0.716,-1.821850508,2.268750357,-0.446899848,87.10156944,1.298291833,2793.973232
0.7165,-2.024009673,2.092211214,-0.06820154,95.48313522,1.300960909,2793.741618
0.717,-2.202762355,1.88712014,0.315642215,103.8642482,1.341295708,2793.7391
0.7175,-2.332197489,1.644598869,0.687598621,112.2457187,1.328595004,2793.885491
0.718,-2.364478402,1.344309062,1.02016934,120.6273069,1.293751705,2793.777608
0.7185,-2.359972096,1.016203544,1.343768552,129.0084641,1.343637618,2793.749409
0.719,-2.332666496,0.680278576,1.652387919,137.3900692,1.343242765,2793.987019
0.7195,-2.210819717,0.319891468,1.890928249,145.7720989,1.289827115,2793.937399
0.72,-2.030907164,-0.057046134,2.087953298,154.1535229,1.311623935,2793.717098
0.7205,-1.8095014,-0.444335028,2.253836428,162.5347028,1.346197446,2793.798071
0.721,-1.549980396,-0.800731136,2.350711531,170.9162984,1.309019286,2793.866135
0.7215,-1.238907277,-1.126925207,2.365832485,179.2976629,1.302060202,2793.697477
0.722,-0.902836811,-1.451271641,2.354108453,187.6787643,1.361595814,2793.809811
0.7225,-0.571784424,-1.742694084,2.314478508,196.0605929,1.315087668,2793.993272
0.723,-0.192206995,-1.957011818,2.149218813,204.4423543,1.292583123,2793.807169
0.7235,0.186036837,-2.148917665,1.962880828,212.8235008,1.3274936,2793.685961
0.724,0.568991817,-2.298964813,1.729972996,221.2047203,1.339262884,2793.815
0.7245,0.911135539,-2.357825387,1.446689848,229.5862241,1.296221613,2793.777296
0.725,1.236408734,-2.364242674,1.12783394,237.9673139,1.32628992,2793.669368
0.7255,1.555036965,-2.34246529,0.787428324,246.3485792,1.359461988,2793.900361
0.726,1.819683409,-2.267396777,0.447713368,254.7305426,1.293640281,2793.957894
0.7265,2.023681695,-2.09246557,0.068783875,263.1120327,1.304766473,2793.721588
0.727,2.204427389,-1.887861115,-0.316566274,271.4931458,1.344929247,2793.758913
0.7275,2.331980263,-1.645695593,-0.68628467,279.87467,1.320215069,2793.880002
0.728,2.36332731,-1.344429928,-1.018897381,288.256156,1.294545677,2793.7313
0.7285,2.361311927,-1.015381104,-1.345930823,296.6372163,1.349978006,2793.7411
0.729,2.334296005,-0.681783503,-1.652512502,305.0188321,1.337203097,2793.980374
0.7295,2.208160956,-0.319795957,-1.888364999,313.4007759,1.289592542,2793.897037
0.73,2.031307565,0.057567044,-2.088874609,321.7821138,1.318693903,2793.713174
0.7305,1.810840385,0.445127631,-2.255968016,330.1633428,1.343412969,2793.817226
0.731,1.54951762,0.799030116,-2.348547736,338.5449345,1.303099944,2793.838695
0.7315,1.238097535,1.127129076,-2.365226611,346.9261915,1.309263254,2793.676695
0.732,0.90180469,1.453375217,-2.355179907,355.3072974,1.359688779,2793.817386
0.7325,0.572093077,1.741446697,-2.313539774,3.689093374,1.308547311,2793.955588
0.733,0.192825262,1.955523813,-2.148349075,12.070694,1.296825596,2793.756866
0.7335,-0.187403269,2.151028334,-1.963625065,20.45177621,1.335241634,2793.699781
0.734,-0.568687848,2.300093648,-1.7314058,28.83309502,1.334493245,2793.845026
0.7345,-0.909656745,2.355656068,-1.445999323,37.21463728,1.296092269,2793.781193
0.735,-1.238053731,2.364565192,-1.126511461,45.59577721,1.333714235,2793.712395
0.7355,-1.556024478,2.343389928,-0.78736545,53.97720533,1.350845814,2793.937279
0.736,-1.817189408,2.265430359,-0.448240951,62.35917841,1.291963734,2793.939699
0.7365,-2.023628733,2.092812547,-0.069183814,70.74061464,1.308315847,2793.713238
0.737,-2.206549639,1.888627325,0.317922314,79.12174984,1.34663736,2793.778778
0.7375,-2.331066741,1.646233353,0.684833388,87.50333063,1.316199108,2793.887632
0.738,-2.362177013,1.344285874,1.017891139,95.88481394,1.297790387,2793.734795
0.7385,-2.362660989,1.0144852,1.348175789,104.265944,1.354553084,2793.786593
0.739,-2.338241049,0.685057326,1.653183723,112.6477024,1.329117566,2794.007325
0.7395,-2.205117588,0.319406107,1.885711481,121.0296472,1.290832162,2793.887309
0.74,-2.031563268,-0.058674479,2.090237748,129.4109757,1.319955367,2793.716746
0.7405,-1.811534258,-0.44568289,2.257217148,137.7922279,1.343171235,2793.826322
0.741,-1.548858047,-0.797744456,2.346602503,146.1738338,1.301142977,2793.836038
0.7415,-1.237117955,-1.127749545,2.3648675,154.5550911,1.314713154,2793.692756
0.742,-0.901033968,-1.45588393,2.356917898,162.9363133,1.361470578,2793.872397
0.7425,-0.572337129,-1.739187965,2.311525095,171.3182622,1.302635987,2793.98877
0.743,-0.193468549,-1.954573507,2.148042056,179.6999072,1.298330388,2793.766489
0.7435,0.188680394,-2.152938416,1.964258022,188.08105,1.338151062,2793.733098
0.744,0.567808886,-2.300641555,1.732832669,196.4624855,1.331731654,2793.879346
0.7445,0.908298743,-2.354280216,1.445981473,204.8440867,1.293371663,2793.786237
0.745,1.239731812,-2.365001784,1.125269972,213.2252499,1.340666607,2793.740118
0.7455,1.556559143,-2.344219797,0.787660654,221.6068287,1.349502149,2793.9953
0.746,1.814242096,-2.262307107,0.448065011,229.9889482,1.289393073,2793.977041
0.7465,2.024203589,-2.093630418,0.069426829,238.3704825,1.310805795,2793.750272
0.747,2.208279289,-1.889559299,-0.318719991,246.7517555,1.346600523,2793.829156
0.7475,2.329858994,-1.646785239,-0.683073756,255.133457,1.310528023,2793.907625
0.748,2.361495066,-1.344484997,-1.017010069,263.514951,1.299930684,2793.735851
0.7485,2.364558828,-1.014130532,-1.350428296,271.8961387,1.360424128,2793.830629
0.749,2.336638042,-0.684981394,-1.651656648,280.2780531,1.321772036,2794.043748
0.7495,2.204250039,-0.320123797,-1.884126242,288.6600321,1.291457113,2793.887795
0.75,2.032829669,0.058995747,-2.091825416,297.0413958,1.325021148,2793.747709
