Time [ms],Current(PhaseA) [A],Current(PhaseB) [A],Current(PhaseC) [A],Moving1.Position [deg],Moving1.Torque [NewtonMeter],Moving1.Speed [rpm]
130,1.212044427,0.562652905,-0.655815469,339.7182358,0.852086104,2750.873471
130.5,1.004350094,0.839929355,-0.594797351,347.9643435,0.935930996,2746.658887
131,0.782423293,1.095747598,-0.569038107,356.1993884,1.112248593,2743.643569
131.5,0.500105508,1.298699301,-0.552482864,4.427062543,1.121427421,2741.485854
132,0.264600336,1.456371161,-0.480958888,12.6488574,1.232196355,2739.881979
132.5,-0.018473004,1.595759855,-0.407880059,20.86797691,1.469463937,2739.900591
133,-0.338304246,1.698043663,-0.347466482,29.08986655,1.57468731,2741.524808
133.5,-0.583867561,1.734888375,-0.23614988,37.31740969,1.527984276,2743.432961
134,-0.813687526,1.744761498,-0.118159087,45.55122968,1.736464823,2746.106478
134.5,-1.069433894,1.750714082,-0.00971917,53.79552496,1.840869846,2750.2564
135,-1.227205891,1.683762125,0.097355489,62.05243729,1.661395504,2754.075539
135.5,-1.32706585,1.564167324,0.222742201,70.31936126,1.705736347,2757.27774
136,-1.479336696,1.436046731,0.347421721,78.59635435,1.71240696,2760.730558
136.5,-1.554124902,1.270749705,0.43388874,86.88266901,1.472637895,2763.107777
137,-1.560073007,1.042632665,0.502487884,95.17347218,1.383959458,2763.956165
137.5,-1.598334654,0.798004816,0.581271731,103.4659858,1.382733573,2764.384341
138,-1.599057746,0.544282503,0.628369005,111.7584894,1.108254031,2763.52371
138.5,-1.522648591,0.253209656,0.615904806,120.0454126,1.017348675,2760.94765
139,-1.449567386,-0.050607941,0.630161641,128.3238969,1.051770005,2758.093173
139.5,-1.340880524,-0.318399167,0.651959343,136.5935453,0.928863224,2754.812373
140,-1.166699613,-0.590285894,0.610691166,144.8518462,0.857156034,2750.60668
140.5,-0.977664943,-0.875577731,0.571559963,153.0975509,1.011154245,2746.766478
141,-0.728109761,-1.116498916,0.573086185,161.333476,1.080800142,2743.957168
141.5,-0.483445657,-1.30750263,0.511057758,169.5617595,1.112738956,2741.613446
142,-0.235373193,-1.481218224,0.443598974,177.7841927,1.30417452,2740.305775
142.5,0.074598179,-1.61517791,0.414082862,186.0052037,1.457525966,2740.607649
143,0.348580975,-1.691444754,0.314044579,194.2287335,1.494472921,2741.804357
143.5,0.598015962,-1.725393884,0.197501362,202.4568626,1.634080625,2743.83386
144,0.874091129,-1.767092363,0.101578222,210.693174,1.799550268,2747.300712
144.5,1.086482947,-1.74745287,-0.004635501,218.9409217,1.684816099,2751.022383
145,1.212822278,-1.659221738,-0.127157724,227.1991424,1.760667335,2754.57821
145.5,1.38016636,-1.56641126,-0.259160892,235.4691438,1.84266812,2758.886869
146,1.50769243,-1.438020384,-0.366695031,243.7517201,1.597562969,2762.451953
146.5,1.535003663,-1.24515262,-0.441666208,252.0421886,1.483493594,2764.350071
147,1.580481225,-1.028427299,-0.536850319,260.3376927,1.569299541,2766.120367
147.5,1.627480781,-0.800450565,-0.61017834,268.638197,1.329412349,2767.17692
148,1.581791348,-0.531774094,-0.627070491,276.9384597,1.07818108,2765.938978
148.5,1.525970201,-0.229268113,-0.630535391,285.2327918,1.109384541,2763.661955
149,1.456181819,0.056716575,-0.67254166,293.5202208,1.035617851,2761.174294
149.5,1.326831338,0.32414255,-0.644981617,301.7988609,0.902884279,2757.709934
150,1.174025648,0.60855453,-0.610001846,310.0659,0.915044851,2753.665168
150.5,0.973322161,0.886704123,-0.616379845,318.3211475,0.969941525,2749.916065
151,0.72947429,1.114330936,-0.572690696,326.5658752,1.020606118,2746.645746
151.5,0.507045753,1.325892938,-0.501704213,334.8020258,1.187233775,2744.379217
152,0.21462975,1.500817533,-0.474768678,343.0335228,1.315560713,2743.485052
152.5,-0.07400834,1.613869961,-0.41502257,351.2638266,1.377781193,2743.481366
153,-0.325871774,1.687547571,-0.301957077,359.4954444,1.536075723,2744.511067
153.5,-0.624190725,1.745521558,-0.21430312,7.732746631,1.772655193,2747.3944
154,-0.884255253,1.781547767,-0.113901231,15.98046794,1.673151493,2750.934868
154.5,-1.048595105,1.733179981,-0.003029728,24.23794335,1.68102932,2754.062854
155,-1.224604365,1.670875733,0.128268325,32.50612311,1.943768613,2758.468887
155.5,-1.411784793,1.585634197,0.249234964,40.78914365,1.759288384,2763.261895
156,-1.475550704,1.429297807,0.341730753,49.08376873,1.527692741,2766.129163
156.5,-1.528461418,1.249624335,0.435771514,57.38519342,1.602581064,2768.271222
157,-1.611154627,1.050891984,0.535530712,65.69332673,1.511306879,2770.343944
157.5,-1.61289926,0.813500253,0.586414957,74.00550823,1.22693342,2770.667814
158,-1.571926683,0.535084378,0.603294574,82.31571417,1.165596166,2769.372243
158.5,-1.546039758,0.24298141,0.650117628,90.6210062,1.071553447,2767.341182
159,-1.453200431,-0.033588503,0.655117284,98.91864025,0.928062335,2764.189103
159.5,-1.338179028,-0.305675907,0.622623434,107.2054619,0.929692368,2760.358105
160,-1.188214509,-0.604958773,0.623912958,115.4808142,0.937158254,2756.55241
160.5,-0.975561013,-0.859881892,0.616302035,123.7446252,0.900749368,2752.595587
161,-0.753077144,-1.104744381,0.540010371,131.9968536,1.040332826,2749.104618
161.5,-0.507740005,-1.319325622,0.510034488,140.2408403,1.242984617,2747.200983
162,-0.21704636,-1.480158085,0.492216025,148.4811096,1.26581101,2746.347462
162.5,0.034543868,-1.59336494,0.397807035,156.7194349,1.352281498,2746.003842
163,0.324163396,-1.681486414,0.3097505,164.9586938,1.599623533,2747.221374
163.5,0.628483753,-1.752627145,0.231456621,173.2044479,1.710642165,2750.123608
164,0.841510156,-1.751326444,0.123450245,181.4594249,1.594029357,2753.015289
164.5,1.025415411,-1.72141627,0.000830941,189.7228854,1.78199911,2756.252778
165,1.250847424,-1.681210467,-0.116751306,197.9981538,1.850162912,2760.702565
165.5,1.375771507,-1.574182923,-0.223023703,206.2864126,1.630407974,2764.464146
166,1.437524234,-1.425118094,-0.328074407,214.5838929,1.623580163,2767.179908
166.5,1.546423162,-1.260685521,-0.439889458,222.8894465,1.618734544,2769.850085
167,1.598238686,-1.061009204,-0.519028957,231.2017094,1.346770246,2771.23626
167.5,1.581543539,-0.807254395,-0.55723917,239.5151633,1.254516943,2770.921737
168,1.580620221,-0.532772134,-0.611306678,247.8268107,1.256068908,2770.178148
168.5,1.547972911,-0.264356692,-0.642580836,256.1350263,0.997553227,2768.228589
169,1.442592379,0.029317931,-0.612179861,264.4345386,0.906934898,2764.635335
169.5,1.343952171,0.303031005,-0.621166269,272.7227309,0.978496796,2760.934738
170,1.183085123,0.586643673,-0.632816835,281.0002679,0.936100689,2757.355055
170.5,0.975975505,0.847886207,-0.582244986,289.2664741,0.898851297,2753.388208
171,0.762987602,1.103058345,-0.529781126,297.5211271,1.05307642,2749.951254
171.5,0.485885286,1.309276925,-0.527344891,305.7674278,1.168080313,2747.76049
172,0.237125245,1.459978893,-0.474607653,314.0085169,1.231237476,2746.396588
172.5,-0.025848267,1.588894317,-0.378435128,322.246876,1.397374612,2746.101314
173,-0.345818782,1.684673333,-0.324800287,330.4866548,1.558113301,2747.336115
173.5,-0.608115644,1.733444511,-0.224394686,338.7317289,1.574365284,2749.407206
174,-0.815012585,1.731968821,-0.109848262,346.9837059,1.685832728,2752.086134
174.5,-1.052962198,1.734802139,0.003394497,355.2455119,1.84238031,2756.031211
175,-1.248552853,1.682064505,0.109436056,3.519787214,1.659120004,2759.870328
175.5,-1.33532455,1.555500545,0.220691624,11.80391164,1.663258838,2762.887221
176,-1.450440038,1.420797785,0.345053381,20.09773856,1.79107461,2766.532132
176.5,-1.559158409,1.266667951,0.444459439,28.40251186,1.533097815,2769.584467
177,-1.568948216,1.044211866,0.505403973,36.71290784,1.288952575,2770.299282
177.5,-1.578580007,0.794001628,0.56463975,45.02345178,1.350555371,2770.158328
178,-1.595067031,0.538720557,0.623814898,53.33348762,1.210314289,2769.647182
178.5,-1.528597742,0.266563029,0.622034039,61.6395963,0.979506676,2767.397466
179,-1.436455653,-0.039400884,0.603685067,69.93660706,0.942559378,2763.882399
179.5,-1.340182528,-0.310353451,0.643011409,78.22263243,0.927953656,2760.109069
180,-1.170512119,-0.58202319,0.622156263,86.49697492,0.884753708,2756.049186
180.5,-0.979079429,-0.862242694,0.560478435,94.75902664,0.952866557,2752.088397
181,-0.749095232,-1.111971888,0.554770876,103.0101686,1.030036702,2748.790941
181.5,-0.480821646,-1.299465553,0.520639425,111.2524205,1.094087048,2746.141716
182,-0.249160056,-1.462801557,0.442737982,119.4882373,1.292570754,2744.710861
182.5,0.046241047,-1.600731146,0.396418468,127.722523,1.487599856,2745.117358
183,0.352372528,-1.689349579,0.323201013,135.9598151,1.478137389,2746.397454
183.5,0.586288111,-1.718961173,0.21309962,144.20125,1.559218342,2748.019751
184,0.837936092,-1.741309537,0.106589278,152.4497332,1.861248446,2751.441669
184.5,1.085080452,-1.746315692,0.000137003,160.7108752,1.763840337,2755.83877
185,1.216255018,-1.66218999,-0.107264852,168.9836768,1.624121736,2759.146919
185.5,1.334329798,-1.551186133,-0.235806666,177.2659867,1.810560996,2762.685064
186,1.489787382,-1.431671223,-0.354138274,185.5603078,1.732189087,2766.743809
186.5,1.542514841,-1.257773426,-0.433141169,193.8647444,1.442243046,2769.097407
187,1.554079805,-1.035416406,-0.507404161,202.1733276,1.396377106,2769.8863
187.5,1.604370048,-0.797102981,-0.587255279,210.4835382,1.330221612,2770.151201
188,1.586553636,-0.545399266,-0.624720693,218.7928958,1.110144253,2769.07716
188.5,1.514112172,-0.251567641,-0.609534105,227.0966963,1.052814755,2766.698287
189,1.449104104,0.046688538,-0.63931858,235.3924713,0.981509602,2763.705205
189.5,1.334944845,0.312555749,-0.647190797,243.6779972,0.856837652,2759.781755
190,1.169888451,0.590074218,-0.601747751,251.9507138,0.889609126,2755.410244
190.5,0.984680693,0.872647062,-0.577315876,260.2112429,1.0285664,2751.822977
191,0.733354736,1.10412897,-0.570048145,268.4622359,1.017350607,2748.819964
191.5,0.500902876,1.298869495,-0.498960594,276.7045582,1.115537568,2746.212472
192,0.240551312,1.476364891,-0.447549799,284.9410306,1.344407151,2745.124826
192.5,-0.067562186,1.608023779,-0.418501622,293.1769026,1.456908182,2745.632687
193,-0.32854011,1.679942803,-0.313999061,301.4153007,1.444555942,2746.614492
193.5,-0.592156417,1.718152403,-0.204798273,309.6574503,1.639818819,2748.45702
194,-0.86837105,1.763676449,-0.113864639,317.9077137,1.799722634,2751.970448
194.5,-1.061728,1.736495703,-0.008117377,326.1694302,1.669542953,2755.641027
195,-1.196626434,1.656356962,0.118844946,334.4413931,1.760742212,2759.144834
195.5,-1.379629948,1.567159203,0.245569266,342.7249596,1.807695295,2763.309053
196,-1.486501715,1.435477949,0.346841254,351.0203698,1.569161977,2766.595642
196.5,-1.516484626,1.249398549,0.424460586,359.3231218,1.503408071,2768.470553
197,-1.578144749,1.041316187,0.525106331,7.631048037,1.537126976,2770.200414
197.5,-1.616617325,0.812713165,0.590607854,15.94307524,1.234950588,2770.681277
198,-1.57019379,0.540333689,0.604763665,24.25303467,1.088109597,2769.061116
198.5,-1.529838942,0.239046568,0.620890045,32.55696725,1.135821199,2766.96627
199,-1.455884626,-0.039282634,0.65582337,40.85431401,0.979365921,2764.353143
199.5,-1.326883406,-0.307871033,0.621632207,49.14179269,0.861856767,2760.446603
200,-1.178126596,-0.593734914,0.596556221,57.4167613,0.933725748,2756.307732
200.5,-0.975541446,-0.866674725,0.60850387,65.68019736,0.984975857,2752.727142
201,-0.740715526,-1.095299284,0.555666088,73.93342708,1.00141965,2749.449477
201.5,-0.515692208,-1.309810403,0.493973996,82.17768364,1.156518625,2746.961222
202,-0.219910969,-1.482332889,0.476284626,90.41646409,1.274712804,2745.742643
202.5,0.057053085,-1.593426785,0.407597294,98.65314821,1.372676225,2745.532773
203,0.313102886,-1.672993815,0.29712632,106.8908108,1.520314722,2746.473024
203.5,0.616696297,-1.737556235,0.219322845,115.1335003,1.694955597,2748.927181
204,0.86524289,-1.763475217,0.117942312,123.384923,1.634834789,2751.930445
204.5,1.029127227,-1.718679573,0.004439502,131.6451599,1.708486864,2755.010658
205,1.220586245,-1.667882805,-0.12339823,139.916325,1.918102741,2759.428905
205.5,1.396297343,-1.580648551,-0.239592002,148.2016399,1.684013201,2763.753723
206,1.452938329,-1.423117089,-0.330142504,156.4970961,1.539946372,2766.32725
206.5,1.520859144,-1.246431936,-0.43204873,164.7994638,1.652677948,2768.761185
207,1.60295448,-1.054017402,-0.528075788,173.109439,1.489947,2770.970945
207.5,1.597025053,-0.810661436,-0.572512003,181.4230576,1.173730338,2770.948874
208,1.564797739,-0.531745958,-0.595102563,189.7335693,1.156827369,2769.36385
208.5,1.541160074,-0.24678388,-0.643350608,198.0388183,1.085503457,2767.356397
209,1.443793636,0.029553098,-0.637531965,206.3366638,0.935620825,2764.305043
209.5,1.334119477,0.300922061,-0.613452574,214.6238232,0.912209553,2760.428308
210,1.181830615,0.599985864,-0.621519695,222.8990974,0.910298879,2756.415381
210.5,0.971130876,0.855630411,-0.605491449,231.1622522,0.902311301,2752.33922
211,0.75384171,1.103631103,-0.528209368,239.4138016,1.056936165,2748.931909
211.5,0.501201818,1.317128075,-0.509582573,247.6572506,1.205825363,2746.93157
212,0.218821801,1.470585007,-0.48383908,255.8961415,1.218527052,2745.681708
212.5,-0.031133107,1.587275844,-0.385594164,264.13214,1.377439025,2745.230969
213,-0.330799495,1.679049034,-0.308012511,272.369528,1.64627265,2746.780943
213.5,-0.628067335,1.748870049,-0.225136155,280.6140371,1.634133168,2749.542351
214,-0.834585294,1.7416561,-0.117731707,288.8665056,1.584155468,2752.027234
214.5,-1.03070006,1.719780297,0.002551756,297.1272858,1.864053047,2755.597417
215,-1.255062515,1.679661295,0.120013199,305.4012879,1.836568298,2760.365414
215.5,-1.367166731,1.564817228,0.225688548,313.6883058,1.608644457,2763.960862
216,-1.43418926,1.417387771,0.334658844,321.9841739,1.645963829,2766.67711
216.5,-1.552140422,1.256463087,0.444716892,330.2883857,1.610329642,2769.41061
217,-1.590674064,1.054487628,0.518408924,338.5992816,1.353686883,2770.788151
217.5,-1.576337446,0.80230175,0.558672888,346.9115042,1.265466065,2770.555345
218,-1.582543931,0.529991879,0.618695742,355.2219016,1.202377013,2769.610476
218.5,-1.541455736,0.261088595,0.643938789,3.527819165,0.978458887,2767.317689
219,-1.437833789,-0.03738914,0.609401702,11.82461622,0.950270746,2763.833376
219.5,-1.343677641,-0.31081874,0.62784627,20.11082676,0.983625814,2760.356405
220,-1.179383032,-0.588475896,0.633424949,28.38648927,0.896611289,2756.614057
220.5,-0.973567789,-0.85422726,0.574761967,36.65013293,0.906221135,2752.493543
221,-0.758975634,-1.108761755,0.534912755,44.9023705,1.097110881,2749.293003
221.5,-0.478760954,-1.311560768,0.529138344,53.14716941,1.181965638,2747.370924
222,-0.239454811,-1.462417924,0.467103232,61.38715602,1.217965303,2746.008823
222.5,0.033012548,-1.593198095,0.379674772,69.62426995,1.406883073,2745.694325
223,0.35343723,-1.68946687,0.326842183,77.86308409,1.594473737,2747.14195
223.5,0.605803846,-1.731957211,0.221713409,86.10789127,1.569326673,2749.359192
224,0.820267793,-1.733887345,0.104817665,94.35974722,1.700744815,2752.084412
224.5,1.066335007,-1.73651351,-0.004229915,102.621696,1.844216318,2756.107922
225,1.244580359,-1.677569073,-0.108569671,110.8962461,1.664815479,2759.982751
225.5,1.333863494,-1.554976026,-0.225131194,119.1809114,1.695246589,2763.176459
226,1.464430645,-1.426233206,-0.35129311,127.4757751,1.76282088,2766.840393
226.5,1.559753736,-1.267123464,-0.444433617,135.7809304,1.473052551,2769.480987
227,1.564251331,-1.040480539,-0.50661061,144.0906763,1.336685819,2770.136939
227.5,1.585865557,-0.793802187,-0.575042209,152.4014478,1.408308569,2770.488648
228,1.597719757,-0.542396937,-0.627925407,160.7127942,1.162498293,2770.026353
228.5,1.52570324,-0.262426425,-0.620194779,169.0194936,0.95750198,2767.451684
229,1.440696552,0.041748344,-0.61160177,177.3166647,0.986195411,2764.037358
229.5,1.341283005,0.312463384,-0.64808756,185.6036991,0.956899923,2760.604407
230,1.170647611,0.581977561,-0.617009377,193.8797693,0.87769236,2756.649656
230.5,0.980060871,0.864865296,-0.559848091,202.1435433,0.949155798,2752.64119
231,0.743647814,1.111711318,-0.563035992,210.3962597,1.018790817,2749.275974
231.5,0.484682061,1.298884121,-0.51841777,218.6399598,1.114472966,2746.671389
232,0.250337869,1.468352191,-0.441743331,226.8775611,1.292932415,2745.339898
232.5,-0.051714032,1.605386075,-0.405373389,235.1134393,1.422962163,2745.448565
233,-0.347316696,1.686862752,-0.322175589,243.3510959,1.472490992,2746.400646
233.5,-0.582725375,1.71739582,-0.210099374,251.5926716,1.598811625,2748.181069
234,-0.844755139,1.749448057,-0.10797208,259.8419598,1.850504115,2751.73894
234.5,-1.082935034,1.749151137,-0.003692478,268.1036539,1.712142523,2755.845467
235,-1.208094854,1.660662272,0.106916187,276.3761876,1.665984212,2759.107035
235.5,-1.3422966,1.553955744,0.237471695,284.659013,1.862891311,2763.085537
236,-1.494350958,1.438178092,0.353211855,292.9549287,1.710858837,2767.291851
236.5,-1.535670613,1.254247187,0.428473142,301.260636,1.404151124,2769.370039
237,-1.557757333,1.034116046,0.508593419,309.5697952,1.420580915,2770.094519
237.5,-1.611058533,0.801736653,0.586341083,317.8809532,1.350685302,2770.56909
238,-1.583474749,0.548623267,0.617862208,326.1917459,1.107338274,2769.579795
238.5,-1.514917378,0.251505423,0.607670321,334.4970084,1.047879352,2767.166948
239,-1.449888131,-0.043179478,0.645251557,342.794104,0.972500941,2764.110499
239.5,-1.329914699,-0.31091924,0.642971102,351.0808141,0.867580342,2760.196703
240,-1.173441415,-0.588807329,0.597831557,359.3549842,0.912216007,2755.982937
240.5,-0.986700337,-0.872444708,0.586932562,7.617274742,0.991819803,2752.332236
241,-0.73460613,-1.098112723,0.56739617,15.86926281,0.97617917,2748.966724
241.5,-0.509099658,-1.299818923,0.496510613,24.1117458,1.138075255,2746.271922
242,-0.238302422,-1.478887205,0.45243699,32.34876273,1.37770083,2745.445512
242.5,0.0660418,-1.604502175,0.41711363,40.58560061,1.390603345,2745.800842
243,0.321119056,-1.675348697,0.310503533,48.82384483,1.436079891,2746.433218
243.5,0.597402484,-1.719365443,0.209611803,57.06568281,1.706917666,2748.548487
244,0.870409544,-1.765596171,0.115162345,65.31678615,1.786342751,2752.314151
244.5,1.052034594,-1.731764685,0.008770489,73.57926619,1.638373058,2755.778287
245,1.194042043,-1.655097849,-0.119089431,81.85149302,1.791342272,2759.279571
245.5,1.386567693,-1.568470513,-0.24370855,90.13573797,1.805073129,2763.575216
246,1.478886248,-1.4317648,-0.341700153,98.43191797,1.567796999,2766.844522
246.5,1.51252155,-1.249809222,-0.423887357,106.7354288,1.508430506,2768.73753
247,1.585086148,-1.044061753,-0.526199116,115.0439354,1.479576213,2770.222805
247.5,1.611951978,-0.812866391,-0.587824667,123.3554289,1.221538995,2770.371308
248,1.565677119,-0.538908038,-0.598903442,131.6645289,1.130641413,2768.885413
248.5,1.532330958,-0.240399701,-0.62580686,139.968304,1.130064442,2766.96215
249,1.454457918,0.035238748,-0.653931777,148.2653892,0.93744004,2764.126307
249.5,1.328747791,0.30614101,-0.616445501,156.5518138,0.866170568,2760.042425
250,1.179930507,0.596897052,-0.599452293,164.8257877,0.972374016,2756.102483
250.5,0.973833665,0.863768008,-0.609953189,173.0889944,0.990540481,2752.728276
251,0.744677549,1.093090588,-0.546202733,181.3422082,0.986004623,2749.404967
251.5,0.513366817,1.310314557,-0.494505048,189.5862083,1.161104921,2746.865775
252,0.216436577,1.47981892,-0.482059613,197.8249156,1.311307078,2745.839326
252.5,-0.050900905,1.592201907,-0.403496549,206.0621891,1.363330081,2745.757725
253,-0.316079539,1.673282752,-0.296265114,214.3004179,1.515316055,2746.632082
253.5,-0.622200919,1.738330981,-0.223240128,222.5435861,1.705113298,2749.1109
254,-0.85792476,1.756622192,-0.118568612,230.7956703,1.637872685,2752.176708
254.5,-1.025306591,1.71598093,-0.000810898,239.0568028,1.735567004,2755.398962
255,-1.230005964,1.671808633,0.124836867,247.3292072,1.879315408,2759.764349
255.5,-1.392137148,1.578409052,0.236075177,255.6149165,1.630219029,2763.657365
256,-1.443888327,1.422053376,0.328773927,263.9097531,1.577154542,2766.152019
256.5,-1.526555183,1.250370022,0.437210277,272.2121215,1.691258023,2768.939597
257,-1.603641361,1.057056526,0.527048078,280.5226211,1.410079211,2770.957676
257.5,-1.591092216,0.806254182,0.568999583,288.8353906,1.160303515,2770.49874
258,-1.569307975,0.527618213,0.59997037,297.1446888,1.213870747,2769.115004
258.5,-1.543906454,0.249044183,0.645834933,305.4497391,1.088921557,2767.389772
259,-1.442859314,-0.028018176,0.630267398,313.7476703,0.925430139,2764.307455
259.5,-1.333743457,-0.302093313,0.613223653,322.0347046,0.90427751,2760.34589
260,-1.179530474,-0.597455392,0.62776168,330.3096791,0.915086384,2756.317736
260.5,-0.969575837,-0.854925783,0.600110321,338.5726912,0.925029366,2752.369805
261,-0.756497309,-1.106698077,0.527621033,346.8245169,1.050880514,2749.040833
261.5,-0.494249116,-1.318789325,0.516433157,355.0679407,1.14244073,2746.716282
262,-0.221571511,-1.467368968,0.481643385,3.305612378,1.223061365,2745.189548
262.5,0.02904781,-1.588512653,0.380186026,11.54032682,1.410426165,2744.911689
263,0.337256108,-1.68322062,0.312433188,19.77696983,1.626209114,2746.521143
263.5,0.626153214,-1.748145149,0.224121891,28.02035024,1.599806311,2749.027161
264,0.828925253,-1.738458019,0.115235314,36.27113653,1.624373202,2751.536923
264.5,1.038602156,-1.724332751,-0.003888472,44.53104319,1.912120748,2755.518102
265,1.259705748,-1.684496205,-0.119786298,52.80506919,1.796347434,2760.323325
265.5,1.357818253,-1.560754355,-0.224202026,61.09149558,1.589502307,2763.640988
266,1.43834645,-1.415560233,-0.339077537,69.38647001,1.698925191,2766.513547
266.5,1.558274063,-1.259577398,-0.447174479,77.69081002,1.637014502,2769.619266
267,1.585845325,-1.051688317,-0.515509852,86.00248861,1.333321617,2771.027988
267.5,1.575653704,-0.799977456,-0.559952144,94.31526397,1.270118982,2770.72273
268,1.586907447,-0.530858796,-0.621334076,102.6261874,1.198032106,2769.779841
268.5,1.537387774,-0.262653475,-0.639918616,110.93266,0.996961346,2767.55398
269,1.436284578,0.038599791,-0.606181377,119.2304481,0.973274994,2764.26494
269.5,1.344345594,0.312101438,-0.635799256,127.5180144,0.95001969,2760.740562
270,1.177307292,0.586259618,-0.632548706,135.7943318,0.85685243,2756.656515
270.5,0.974817673,0.859212746,-0.570175364,144.0578598,0.933872104,2752.478827
271,0.758000637,1.111190287,-0.541040164,152.3104141,1.119141109,2749.51051
271.5,0.478791415,1.307852946,-0.527557028,160.5557827,1.119788233,2747.402022
272,0.244712644,1.461374607,-0.459437198,168.7953032,1.222598743,2745.770479
272.5,-0.036476573,1.595014436,-0.384477033,177.0320123,1.464506371,2745.745647
273,-0.355320662,1.691267961,-0.327594569,185.2714734,1.584531448,2747.417136
273.5,-0.599780342,1.728948886,-0.220362322,193.5168654,1.537147995,2749.43896
274,-0.821844358,1.734034741,-0.105111717,201.7688044,1.731621336,2752.158015
274.5,-1.075530272,1.73870141,0.001540979,210.0312638,1.844454439,2756.327365
275,-1.236967037,1.673841915,0.106209315,218.30651,1.671995217,2760.238106
275.5,-1.330577359,1.553908454,0.227837985,226.5920569,1.705244274,2763.513296
276,-1.47527482,1.428190211,0.352437572,234.8877706,1.708055558,2766.96937
276.5,-1.554599621,1.266150411,0.439370736,243.1927761,1.467616247,2769.328456
277,-1.558905096,1.040088119,0.504878072,251.5021865,1.374069198,2770.132647
277.5,-1.591103,0.797399618,0.579437858,259.8132297,1.394411516,2770.594508
278,-1.597138726,0.545710197,0.628184182,268.1245929,1.125717126,2769.89581
278.5,-1.522103464,0.259497591,0.61622481,276.4306593,0.97969633,2767.251882
279,-1.445014347,-0.044109949,0.619424634,284.7276155,1.024428979,2764.119266
279.5,-1.342236661,-0.312933754,0.648778334,293.0152452,0.954952535,2760.856976
280,-1.170613031,-0.580195003,0.608727312,301.2919261,0.849653288,2756.763352
280.5,-0.981358293,-0.865779385,0.561947698,309.5558405,0.96218398,2752.68485
281,-0.739723542,-1.108941025,0.567371059,317.8089814,1.055553845,2749.552586
281.5,-0.489030382,-1.297739944,0.513534362,326.0538305,1.108752494,2747.094856
282,-0.250222247,-1.470172164,0.442149986,334.2925921,1.280115034,2745.678726
282.5,0.055879732,-1.604142551,0.411494751,342.529384,1.426172737,2745.743695
283,0.339642519,-1.682919043,0.320403133,350.7679951,1.480512558,2746.749462
283.5,0.581459074,-1.716560364,0.206862725,359.0107483,1.610307336,2748.622753
284,0.850955727,-1.753908107,0.108828792,7.261310588,1.815993856,2752.075002
284.5,1.076961315,-1.746268156,0.006285556,15.52346856,1.664311844,2755.79753
285,1.200386147,-1.657702147,-0.108924263,23.79560061,1.706716897,2759.024902
285.5,1.352046533,-1.559588993,-0.240471961,32.07865176,1.882671628,2763.286062
286,1.493801832,-1.440538041,-0.351330034,40.3749185,1.617317095,2767.14874
286.5,1.528199922,-1.251185835,-0.42548381,48.67933094,1.406310713,2768.798164
287,1.562828023,-1.03341889,-0.512325957,56.98714052,1.495637886,2769.880623
287.5,1.613711605,-0.806297744,-0.587482956,65.29832508,1.343702106,2770.673488
288,1.579883927,-0.547654063,-0.613204011,73.60923274,1.078486948,2769.517646
288.5,1.5157066,-0.24904169,-0.606629784,81.91402854,1.045773575,2766.959388
289,1.450798167,0.041578053,-0.649540261,90.21052206,0.981519067,2763.934119
289.5,1.327247152,0.30998655,-0.6366295,98.49690589,0.893154991,2760.181479
290,1.175325526,0.589097515,-0.594671878,106.7712409,0.906057623,2756.058811
290.5,0.984348137,0.871909664,-0.595657418,115.0334497,0.937803986,2752.12713
291,0.735960632,1.096137656,-0.56606605,123.2843189,0.976865477,2748.510708
291.5,0.512249535,1.303396089,-0.4930874,131.5255646,1.16548628,2745.944911
292,0.232351813,1.4805051,-0.459025141,139.7617277,1.350503412,2745.118402
292.5,-0.065071312,1.601079033,-0.414779846,147.9972304,1.369672944,2745.247228
293,-0.316684788,1.672693004,-0.305745241,156.2337828,1.472180476,2745.947779
293.5,-0.603388461,1.723331041,-0.211724977,164.4747417,1.7588532,2748.472979
294,-0.872645995,1.769107821,-0.114525767,172.7259,1.742591763,2752.277467
294.5,-1.04294454,1.726540766,-0.008217904,180.9877904,1.623194923,2755.465873
295,-1.198950964,1.656339274,0.121010917,189.259198,1.847519941,2759.157079
295.5,-1.39337514,1.572713977,0.244206524,197.5436643,1.818811713,2763.779664
296,-1.471508018,1.427534087,0.339165369,205.8404524,1.538711665,2766.978696
296.5,-1.511977822,1.247800387,0.425713156,214.1441474,1.519684669,2768.7887
297,-1.591443035,1.044127893,0.526078172,222.4529474,1.487020213,2770.361482
297.5,-1.606712045,0.812423582,0.583814646,230.7649644,1.22939985,2770.582327
298,-1.563004674,0.537792451,0.595693685,239.0748952,1.156886467,2769.256988
298.5,-1.533940474,0.241699545,0.633051687,247.3798842,1.098255225,2767.309556
299,-1.450862503,-0.034677513,0.652017832,255.6775373,0.899089994,2764.146899
299.5,-1.330763663,-0.305814314,0.614726004,263.9637911,0.893263936,2760.009769
300,-1.182063922,-0.600353339,0.604734284,272.2379849,0.986331948,2756.261614
300.5,-0.973114992,-0.860085872,0.608664915,280.5015192,0.930286116,2752.6719
301,-0.74761009,-1.095242743,0.539150756,288.7540202,0.990291089,2749.086095
301.5,-0.509653949,-1.312308185,0.497837444,296.9973373,1.211704061,2746.80177
302,-0.214516944,-1.477648785,0.484590498,305.236315,1.309036504,2746.00166
302.5,0.044946242,-1.592027359,0.399119076,313.4739751,1.345970403,2745.829385
303,0.320260399,-1.674145082,0.299408155,321.7123129,1.527287472,2746.678647
303.5,0.627007802,-1.742066181,0.22579948,329.9557719,1.713505477,2749.252864
304,0.852308347,-1.751944237,0.118834288,338.2083622,1.637975157,2752.359199
304.5,1.023962181,-1.715068413,-0.002857011,346.4700656,1.740111991,2755.604036
305,1.240278278,-1.674067453,-0.124284881,354.7429034,1.831066181,2759.765879
305.5,1.385299509,-1.574444095,-0.231609891,3.028189917,1.635340935,2763.456741
306,1.439213475,-1.421636971,-0.329414611,11.32261371,1.607801795,2766.117474
306.5,1.534838593,-1.255389929,-0.441557316,19.62500184,1.656342804,2768.885285
307,1.602157709,-1.057685352,-0.526044196,27.93485624,1.376759503,2770.58391
307.5,1.585876128,-0.803998212,-0.565722962,36.24637998,1.200982763,2770.157213
308,1.573935581,-0.526099992,-0.606826153,44.55523719,1.257855992,2769.168189
308.5,1.546241704,-0.253522505,-0.647562384,52.86079161,1.074368396,2767.581666
309,1.441851511,0.028725965,-0.621939343,61.15902652,0.895957948,2764.29448
309.5,1.336063375,0.304330583,-0.616622897,69.44584127,0.924692771,2760.29007
310,1.179404821,0.595009129,-0.632578697,77.72099844,0.949302728,2756.517156
310.5,0.970923512,0.853524656,-0.592738509,85.98490263,0.919049744,2752.702672
311,0.75835339,1.108470156,-0.528278068,94.23762936,1.041408298,2749.303083
311.5,0.487937396,1.31663543,-0.52165847,102.4817653,1.145104823,2746.947632
312,0.226422159,1.465370204,-0.478909098,110.7202257,1.237693786,2745.502712
312.5,-0.028578448,1.592080779,-0.377884472,118.9560326,1.413426953,2745.308821
313,-0.342701441,1.685948485,-0.316827038,127.1937207,1.588352815,2746.757064
313.5,-0.621367329,1.743650147,-0.223430789,135.4373028,1.566992076,2748.933147
314,-0.823120337,1.735520532,-0.112371029,143.687698,1.666979296,2751.487634
314.5,-1.046789577,1.73082955,0.005210323,151.9478609,1.913497943,2755.674446
315,-1.259021113,1.686486218,0.116910018,160.2219298,1.702104075,2760.046332
315.5,-1.348505704,1.557706302,0.223210458,168.506732,1.608783305,2763.011296
316,-1.445066489,1.415789768,0.34370278,176.8003239,1.769870613,2766.302597
316.5,-1.560848207,1.263273697,0.447793864,185.1045794,1.61255633,2769.625766
317,-1.580523226,1.048289497,0.512420052,193.4158912,1.299354257,2770.761657
317.5,-1.576336274,0.796770333,0.56155307,201.7276254,1.286720685,2770.373513
318,-1.593002825,0.532570354,0.62472093,210.0376852,1.204782917,2769.538259
318.5,-1.534109857,0.264873625,0.63364827,218.343572,1.01339728,2767.42009
319,-1.435736655,-0.0394084,0.605329715,226.6410411,0.958237416,2764.137263
319.5,-1.342870837,-0.312607226,0.642364623,234.9278831,0.907256004,2760.341984
320,-1.173679108,-0.585553142,0.630971717,243.2026171,0.860084519,2756.070801
320.5,-0.977104746,-0.862561641,0.566619829,251.4645276,0.958219358,2752.019303
321,-0.755406707,-1.112990722,0.548466955,259.7157508,1.081201561,2748.985751
321.5,-0.479119918,-1.30426758,0.525678443,267.9591012,1.101365182,2746.61128
322,-0.247727829,-1.461751806,0.451288557,276.1962329,1.257122747,2745.05119
322.5,0.040318814,-1.598216289,0.389803322,284.4313029,1.507406141,2745.385673
323,0.356294719,-1.694037428,0.326771275,292.669914,1.548229596,2747.087271
323.5,0.592823965,-1.725194789,0.218678577,300.9139153,1.524258511,2748.877672
324,0.82898819,-1.736954494,0.106481742,309.164317,1.789627733,2751.804954
324.5,1.083486804,-1.742563612,-0.000172557,317.4262825,1.849807409,2756.269651
325,1.22819559,-1.669230285,-0.106092835,325.7012391,1.636253685,2760.038613
325.5,1.33044278,-1.552497691,-0.231356379,333.985952,1.726610428,2763.24544
326,1.483770248,-1.429125587,-0.352249227,342.2811518,1.727737526,2766.892285
326.5,1.549346583,-1.263935235,-0.435433707,350.5860931,1.463966864,2769.326443
327,1.556859963,-1.039580994,-0.506114955,358.8955291,1.388089307,2770.179293
327.5,1.596132154,-0.798284377,-0.583600208,7.206711701,1.366193857,2770.575032
328,1.593785058,-0.545969314,-0.628365742,15.51759551,1.092116397,2769.586941
328.5,1.517777012,-0.255714091,-0.61239519,23.82263348,1.025661301,2766.998987
329,1.448608037,0.046063204,-0.629043635,32.11931591,1.036623641,2764.137508
329.5,1.341070176,0.311845264,-0.647623873,40.40682602,0.893090791,2760.643519
330,1.170032247,0.5834988,-0.604936423,48.68227857,0.847928023,2756.251078
330.5,0.984047158,0.868437441,-0.569108412,56.94485797,1.009719665,2752.384121
331,0.736521813,1.106311241,-0.569785274,65.19756565,1.061136066,2749.499523
331.5,0.494343862,1.297439301,-0.506572406,73.44228439,1.103622496,2747.044204
332,0.247174204,1.471562998,-0.443647647,81.68088063,1.287546897,2745.638635
332.5,-0.061365293,1.605867427,-0.417078197,89.91772467,1.448258623,2745.841537
333,-0.334325382,1.682339992,-0.318755758,98.1568386,1.480913763,2746.953193
333.5,-0.583256869,1.715899161,-0.204291691,106.4001927,1.606945088,2748.813705
334,-0.858996512,1.759324395,-0.111400424,114.6511296,1.780086241,2752.083025
334.5,-1.069442127,1.741431339,-0.008741241,122.913016,1.672927639,2755.677542
335,-1.196629463,1.656539293,0.112816424,131.1850094,1.737100924,2759.086586
335.5,-1.365252469,1.565930615,0.243445352,139.4683564,1.845471463,2763.31649
336,-1.491436523,1.4391557,0.349178255,147.7642248,1.586881821,2766.862844
336.5,-1.521100856,1.249557635,0.423911734,156.0677188,1.454716928,2768.594509
337,-1.56895784,1.036124391,0.51726119,164.3756148,1.548305236,2770.149106
337.5,-1.616941,0.810659661,0.589559747,172.6879355,1.308518286,2771.025826
338,-1.575374733,0.545174022,0.607904009,180.9994302,1.047690413,2769.562956
338.5,-1.52103592,0.244422655,0.610861663,189.3042084,1.074642393,2766.995235
339,-1.45404809,-0.040855736,0.653567315,197.6012127,1.010064244,2764.238669
339.5,-1.326259707,-0.307635658,0.628501867,205.8887244,0.881328079,2760.566048
340,-1.176757228,-0.590182113,0.593970482,214.1640635,0.897107996,2756.347948
340.5,-0.979859457,-0.868191953,0.601461809,222.4270999,0.946836162,2752.417656
341,-0.736658121,-1.095350847,0.562206253,230.6790181,0.996383943,2748.936004
341.5,-0.51610693,-1.306621133,0.49359518,238.92175,1.170795897,2746.488408
342,-0.227174826,-1.481530475,0.465997935,247.1593522,1.298180612,2745.444501
342.5,0.062376851,-1.596291802,0.411440705,255.3952657,1.352535266,2745.249312
343,0.313026356,-1.670857869,0.301101778,263.6318525,1.512688877,2746.058518
343.5,0.608627653,-1.729266043,0.214213389,271.8735111,1.756316007,2748.762031
344,0.870836828,-1.769370526,0.115895082,280.1251122,1.65639887,2752.153031
344.5,1.035008161,-1.722483212,0.007429702,288.3859485,1.650214444,2755.06326
345,1.206614827,-1.659608269,-0.122094828,296.6566828,1.90864167,2759.164528
345.5,1.39576442,-1.577281837,-0.242449558,304.9415265,1.772352658,2763.856578
346,1.463642212,-1.424722757,-0.334671746,313.2380348,1.522122722,2766.761144
346.5,1.513773765,-1.246572063,-0.426906409,321.5411425,1.567329109,2768.714921
347,1.597089745,-1.047436636,-0.526736354,329.8502203,1.498603184,2770.564751
347.5,1.603109335,-0.812644285,-0.57900621,338.1629442,1.226534905,2770.827779
348,1.561923006,-0.536073066,-0.593341508,346.4735324,1.145347202,2769.436154
348.5,1.536615796,-0.243785243,-0.638401624,354.7787625,1.057754905,2767.245889
349,1.4469766,0.031958964,-0.646599884,3.075913077,0.913622927,2763.960997
349.5,1.332081304,0.303467716,-0.612767177,11.3618634,0.918951329,2760.010992
350,1.183359694,0.601870123,-0.6125827,19.6361322,0.950153254,2756.214155
350.5,0.971373717,0.856974957,-0.607349056,27.89908759,0.90926855,2752.356585
351,0.749355934,1.099530532,-0.532476177,36.15059875,1.023525057,2748.826055
351.5,0.50618782,1.314092621,-0.501228377,44.39358676,1.242089937,2746.838363
352,0.214980683,1.475842621,-0.485580455,52.63279557,1.274008574,2746.017312
352.5,-0.037484059,1.589455478,-0.393524012,60.87013936,1.338228954,2745.64499
353,-0.324646868,1.675053078,-0.302777785,69.10808415,1.577409454,2746.691312
353.5,-0.629187375,1.745894861,-0.225993574,77.35205983,1.715596139,2749.510235
354,-0.844200638,1.74700093,-0.118449327,85.60523565,1.593363774,2752.419247
354.5,-1.024729755,1.715901452,0.003474124,93.86684524,1.770671056,2755.59819
355,-1.249494958,1.675519514,0.12153562,102.1400335,1.848819746,2759.985869
355.5,-1.376904452,1.569670608,0.22813021,110.4261125,1.627734516,2763.725572
356,-1.436228854,1.42033795,0.332403277,118.7213429,1.622610356,2766.421204
356.5,-1.542261028,1.256149383,0.442780783,127.0246355,1.624929328,2769.112661
357,-1.597518392,1.056311393,0.523624764,135.3347434,1.347589803,2770.528666
357.5,-1.580351255,0.802800353,0.561278547,143.6460692,1.252647551,2770.206391
358,-1.577524386,0.527739039,0.61335382,151.9555682,1.260235554,2769.470595
358.5,-1.545940527,0.258248976,0.64640468,160.2617452,1.008137471,2767.587148
359,-1.439486493,-0.034735687,0.615893402,168.5593985,0.900569059,2764.011123
359.5,-1.339546972,-0.307863227,0.621530729,176.8456322,0.973612306,2760.255356
360,-1.179506907,-0.591984048,0.633605893,185.1211302,0.946618529,2756.699096
360.5,-0.972245263,-0.852360585,0.584471203,193.3854994,0.906708255,2752.815529
361,-0.759296678,-1.107701789,0.529902862,201.6384937,1.05076836,2749.40232
361.5,-0.482615693,-1.315003813,0.526682198,209.8831388,1.171501316,2747.214519
362,-0.231440586,-1.465067065,0.475330848,218.1226756,1.243455322,2745.921497
362.5,0.029704295,-1.592431593,0.376712226,226.3597144,1.396014167,2745.675173
363,0.349134269,-1.687855654,0.322484338,234.5982185,1.562124524,2746.920694
363.5,0.613698006,-1.737193718,0.222744635,242.8421196,1.582576794,2749.047248
364,0.819784023,-1.734043999,0.108175891,251.0930996,1.687594929,2751.771447
364.5,1.056619929,-1.735924252,-0.006238556,259.3541389,1.877158827,2755.88624
365,1.25411275,-1.683715588,-0.112983782,267.628412,1.682234386,2759.995921
365.5,1.34027621,-1.555552142,-0.223033628,275.9131012,1.656925195,2763.092389
366,1.453230355,-1.420111848,-0.347587671,284.2075011,1.794273645,2766.723647
366.5,1.562819693,-1.266578041,-0.447849461,292.512964,1.551084148,2769.875843
367,1.573491919,-1.0442652,-0.509375502,300.8243748,1.282647926,2770.646703
367.5,1.57978136,-0.793152014,-0.566690302,309.1358287,1.334347856,2770.401981
368,1.596338672,-0.53685007,-0.627117842,317.4464742,1.216499948,2769.844742
368.5,1.530844238,-0.265766953,-0.626276357,325.7532612,0.985246273,2767.651528
369,1.436353611,0.040667805,-0.60539486,334.0511163,0.948280224,2764.191234
369.5,1.341335255,0.311101311,-0.645402612,342.3381173,0.926588088,2760.439665
370,1.171678843,0.583841676,-0.626177406,350.6134249,0.881316945,2756.358733
370.5,0.979231813,0.864327468,-0.563716201,358.8764082,0.959958174,2752.416284
371,0.750969532,1.112851066,-0.554549054,7.128628783,1.035729702,2749.180037
371.5,0.481217185,1.300850655,-0.522864811,15.37209177,1.091516413,2746.547171
372,0.24948956,1.463778987,-0.445397976,23.60910333,1.29252839,2745.105824
372.5,-0.044593328,1.601947494,-0.396448904,31.84460945,1.494752302,2745.547214
373,-0.354117723,1.692354684,-0.325061088,40.08327509,1.481225077,2746.877083
373.5,-0.587044295,1.720799425,-0.215556265,48.32612599,1.547474746,2748.460996
374,-0.835775407,1.740774118,-0.108227286,56.57576478,1.848182596,2751.768621
374.5,-1.084960827,1.747187097,-0.00159109,64.83791514,1.795467531,2756.253672
375,-1.218543989,1.665245689,0.105411111,73.11230426,1.633635539,2759.756172
375.5,-1.333439273,1.552480496,0.233701653,81.39644409,1.791074735,2763.250588
376,-1.488901054,1.431964962,0.352241591,89.69230269,1.736354725,2767.239908
376.5,-1.543997144,1.260147706,0.432451967,97.99831281,1.451567068,2769.658504
377,-1.554530373,1.038016756,0.50539869,106.3085941,1.380132148,2770.417459
377.5,-1.603250293,0.798160153,0.585149011,114.62025,1.330293893,2770.608825
378,-1.588585051,0.547454931,0.623976291,122.9309713,1.107500875,2769.524485
378.5,-1.515683564,0.254467199,0.608743921,131.236076,1.049426379,2767.119214
379,-1.450108166,-0.044839126,0.637288231,139.5331823,1.002386241,2764.209619
379.5,-1.336668486,-0.311145999,0.646423732,147.8204801,0.86974117,2760.446443
380,-1.170660392,-0.586726698,0.601555364,156.0952566,0.876897824,2756.078918
380.5,-0.985868301,-0.869812222,0.575089759,164.3576915,1.031619669,2752.44926
381,-0.735630016,-1.102590414,0.569761,172.6106373,1.026255655,2749.504709
381.5,-0.501216895,-1.296070609,0.49997653,180.8550431,1.10306345,2746.883504
382,-0.243715016,-1.473239827,0.446413434,189.0933253,1.324956659,2745.649298
382.5,0.064143654,-1.605467332,0.4186141,197.3305927,1.45708708,2746.068899
383,0.327747606,-1.679554371,0.316167591,205.570288,1.441275385,2747.037834
383.5,0.587823561,-1.716562529,0.205413878,213.8136182,1.62668349,2748.805314
384,0.864961185,-1.7619029,0.11451949,222.0648044,1.79943604,2752.257252
384.5,1.060923433,-1.736163661,0.009495433,230.3273551,1.664193378,2755.90253
385,1.194288088,-1.655809386,-0.116568932,238.6000136,1.752084062,2759.341843
385.5,1.374122982,-1.567060929,-0.243478715,246.8840886,1.807143597,2763.463662
386,1.486243447,-1.436325424,-0.345426893,255.1799499,1.567364939,2766.739813
386.5,1.515618583,-1.249623084,-0.422362466,263.4830988,1.499202388,2768.587216
387,1.574895694,-1.041067556,-0.52207895,271.7913515,1.540359277,2770.312947
387.5,1.616858737,-0.813050343,-0.589547218,280.1037647,1.238702653,2770.826934
388,1.569906619,-0.541949202,-0.603615517,288.4141043,1.068249047,2769.132086
388.5,1.527184519,-0.240502571,-0.616229548,296.7179878,1.119436925,2766.86783
389,1.455063939,0.040653908,-0.652715843,305.0149445,0.992087575,2764.236815
389.5,1.326418873,0.306161577,-0.621620457,313.3022174,0.867240722,2760.414454
390,1.177727603,0.591027603,-0.59484565,321.5770618,0.917029578,2756.222707
390.5,0.976568553,0.866314095,-0.606499834,329.8400598,0.979325049,2752.537118
391,0.739690728,1.094811586,-0.557136857,338.0926913,1.007034197,2749.258273
391.5,0.516626948,1.308039518,-0.49285924,346.3363891,1.148739262,2746.75909
392,0.221651009,1.481233945,-0.473716603,354.5744736,1.27139584,2745.487735
392.5,-0.05769354,1.592674224,-0.407912305,2.810336055,1.367502717,2745.236971
393,-0.312742225,1.671316406,-0.297128947,11.04706092,1.52030579,2746.151656
393.5,-0.614348861,1.735488262,-0.217618836,19.28891232,1.722381861,2748.732671
394,-0.86590195,1.763895419,-0.117316836,27.5400698,1.648272112,2751.92654
394.5,-1.029609555,1.718628133,-0.00522682,35.80036366,1.69619866,2755.012508
395,-1.217421936,1.665237315,0.123082283,44.07145419,1.925482772,2759.407816
395.5,-1.396310569,1.579659708,0.240690459,52.35685475,1.701179162,2763.847321
396,-1.454989227,1.422754036,0.331718014,60.65266972,1.522130877,2766.418431
396.5,-1.518494832,1.245212125,0.431023682,68.95504132,1.630472828,2768.665527
397,-1.601202959,1.051934644,0.527400834,77.26456323,1.498997256,2770.812974
397.5,-1.598282218,0.810971304,0.573854172,85.57780991,1.177728323,2770.851165
398,-1.563199032,0.532482257,0.594292795,93.88804045,1.151487055,2769.259584
398.5,-1.539464785,0.245707227,0.642899183,102.1929037,1.080717716,2767.204321
399,-1.443047579,-0.032114724,0.639057264,110.4902202,0.929852505,2764.102872
399.5,-1.33329695,-0.302043273,0.613629498,118.7767425,0.917502094,2760.222973
400,-1.182011103,-0.600802273,0.618655173,127.051458,0.912241941,2756.243036
400.5,-0.969743776,-0.85582855,0.605503004,135.3141032,0.900233374,2752.165597
401,-0.752322148,-1.10323899,0.52891871,143.5651062,1.055865448,2748.742829
401.5,-0.502506587,-1.31769507,0.507873184,151.808041,1.219542689,2746.800827
402,-0.21655627,-1.472859391,0.484617406,160.0466766,1.220561601,2745.624226
402.5,0.032663447,-1.587991846,0.386984792,168.2824737,1.367188263,2745.134965
403,0.329868977,-1.677619082,0.306626436,176.5194217,1.634410179,2746.581015
403.5,0.629156806,-1.748484866,0.22502097,184.7633477,1.661743166,2749.415035
404,0.837320998,-1.743233481,0.117663117,193.0157478,1.596171269,2752.084901
404.5,1.029645521,-1.718871882,-0.003521819,201.2767047,1.840628103,2755.602339
405,1.254964979,-1.67872723,-0.120883802,209.550556,1.847973961,2760.314024
405.5,1.369873707,-1.565704754,-0.22659481,217.8375719,1.61854188,2764.008795
406,1.434952013,-1.418363314,-0.334434833,226.133583,1.62587872,2766.677789
406.5,1.551456635,-1.256572729,-0.444887648,234.4375985,1.608066144,2769.306651
407,1.592077246,-1.054825591,-0.520390277,242.7481686,1.355435746,2770.681143
407.5,1.577362857,-0.802053502,-0.559548471,251.0600877,1.265866465,2770.457947
408,1.581989546,-0.529050133,-0.618871825,259.3703213,1.229154054,2769.639829
408.5,1.54258713,-0.260491073,-0.644751045,267.6766437,0.992587488,2767.538773
409,1.437973091,0.036852028,-0.610693851,275.9741915,0.9402978,2764.075205
409.5,1.343333601,0.310506511,-0.627507558,284.2610602,0.988815077,2760.576898
410,1.179701342,0.589495472,-0.633877383,292.5374915,0.908907474,2756.917214
410.5,0.973323295,0.854071177,-0.576796123,300.8021157,0.896412058,2752.809765
411,0.759086309,1.108736893,-0.533770829,309.0551486,1.083460358,2749.50083
411.5,0.479134342,1.31201729,-0.528842543,317.3004615,1.185635115,2747.532703
412,0.238214053,1.463633604,-0.469445472,325.5409426,1.212421049,2746.162412
412.5,-0.0322032,1.593418928,-0.379224332,333.7784358,1.400320966,2745.791908
413,-0.353355453,1.689873561,-0.326399335,342.0174568,1.589124332,2747.184104
413.5,-0.607170321,1.732681903,-0.222079151,350.26234,1.56922216,2749.375894
414,-0.819934999,1.733701638,-0.105355501,358.5142232,1.696055679,2752.078706
414.5,-1.063986974,1.736964655,0.004570093,6.776108571,1.843710019,2756.077842
415,-1.247094446,1.679710163,0.109109556,15.05058121,1.668632277,2759.967983
415.5,-1.335131066,1.555398595,0.224541326,23.33525047,1.697943494,2763.19213
416,-1.461412987,1.425277041,0.350523808,31.6302213,1.770255116,2766.903584
416.5,-1.561200684,1.267607357,0.445644259,39.93566299,1.478769286,2769.606053
417,-1.566238549,1.041279938,0.506649362,48.2457611,1.320144029,2770.212008
417.5,-1.584029812,0.793605358,0.572376036,56.55653759,1.394193086,2770.420512
418,-1.597912327,0.541768304,0.627531548,64.86764671,1.183862444,2769.991552
418.5,-1.527485088,0.263959692,0.62107227,73.17449204,0.96840157,2767.567733
419,-1.439991093,-0.040959543,0.60986948,81.47204659,0.97170278,2764.137389
419.5,-1.341068439,-0.31182505,0.647732603,89.75924409,0.956416566,2760.634762
420,-1.171111502,-0.582093684,0.619256981,98.03544954,0.888120831,2756.726514
420.5,-0.980329573,-0.863896993,0.560164609,106.2995129,0.940758378,2752.727966
421,-0.745463029,-1.111834787,0.561572833,114.5523932,1.014818996,2749.30527
421.5,-0.484333864,-1.298527564,0.519651172,122.7961068,1.106513001,2746.644872
422,-0.250436849,-1.467123308,0.442335769,131.0335627,1.29481981,2745.284747
422.5,0.049703964,-1.604854844,0.403362259,139.2694211,1.450438782,2745.530483
423,0.348054616,-1.68749309,0.32262737,147.507625,1.481868285,2746.655591
423.5,0.582743371,-1.717763533,0.211736307,155.7500018,1.587383216,2748.427845
424,0.842665036,-1.747656014,0.108708118,163.9999567,1.857228189,2751.964723
424.5,1.082986192,-1.74863832,0.003238237,172.2624622,1.72711966,2756.173659
425,1.209574451,-1.660980367,-0.106245762,180.5360243,1.644918834,2759.40832
425.5,1.33938524,-1.553330284,-0.23631897,188.819498,1.849928896,2763.228836
426,1.492308608,-1.436651195,-0.352375624,197.1157951,1.726321972,2767.447113
426.5,1.537296606,-1.255700298,-0.428808881,205.4221163,1.404735192,2769.601029
427,1.55672883,-1.035304211,-0.507258307,213.7319081,1.406126775,2770.26173
427.5,1.610013547,-0.800806249,-0.586264404,222.043412,1.346087186,2770.647733
428,1.583892946,-0.548324255,-0.618586301,230.3543947,1.106667817,2769.633934
428.5,1.514296623,-0.252232555,-0.607271512,238.6598182,1.048869968,2767.222757
429,1.449346869,0.042810467,-0.642327272,246.9570783,0.96982599,2764.158662
429.5,1.331796358,0.310535163,-0.644057688,255.243886,0.862842009,2760.210371
430,1.173116196,0.588244025,-0.598468718,263.5180408,0.909632917,2755.962341
430.5,0.986932131,0.871723141,-0.583781772,271.7802945,1.002374512,2752.348774
431,0.734631554,1.09933445,-0.56833199,280.0324275,0.975439355,2749.029321
431.5,0.506469455,1.298053926,-0.495338562,288.2750428,1.127551403,2746.282186
432,0.239541226,1.475670698,-0.450673702,296.511956,1.369980173,2745.370366
432.5,-0.065213535,1.604535545,-0.41783997,304.748605,1.414013667,2745.798595
433,-0.322308809,1.676104195,-0.311943832,312.9871044,1.445274462,2746.583635
433.5,-0.595335103,1.718311495,-0.208588363,321.2293723,1.683671255,2748.63412
434,-0.86937308,1.764823193,-0.115330519,329.4805661,1.797119816,2752.341677
434.5,-1.053663613,1.732247939,-0.009031795,337.7432718,1.647463964,2755.898745
435,-1.193394747,1.65550708,0.118307334,346.0158227,1.764975588,2759.319907
435.5,-1.384632158,1.568199607,0.243857726,354.2999115,1.798471252,2763.461334
436,-1.480942345,1.433122229,0.34308137,2.595705363,1.571740108,2766.717415
436.5,-1.512416195,1.249638801,0.423314253,10.89884323,1.502525817,2768.600697
437,-1.582415106,1.043296995,0.525461526,19.20700388,1.505345003,2770.178312
437.5,-1.612527058,0.813012187,0.587490111,27.51865204,1.231694326,2770.494868
438,-1.565944212,0.539391601,0.599531508,35.82816647,1.119413873,2769.004809
438.5,-1.531503718,0.240315472,0.62426035,44.13221862,1.13497201,2767.052465
439,-1.454925754,-0.035899832,0.653910552,52.42968129,0.950321924,2764.300151
439.5,-1.32848507,-0.306113831,0.617493345,60.71669595,0.854808605,2760.224269
440,-1.17911168,-0.595934353,0.597564609,68.9910443,0.958229248,2756.16578
440.5,-0.973974726,-0.864077578,0.608824714,77.25431229,0.991294036,2752.728948
441,-0.743741457,-1.09319009,0.54855783,85.50751058,0.980803899,2749.384708
441.5,-0.514625698,-1.310517163,0.494323326,93.75136902,1.15424113,2746.788951
442,-0.216860738,-1.480939461,0.480694269,101.989734,1.301256983,2745.682942
442.5,0.052815161,-1.591424155,0.40420689,110.2264404,1.362729451,2745.550698
443,0.314904916,-1.672694663,0.295985659,118.4640431,1.515745659,2746.423283
443.5,0.620773049,-1.737635948,0.22183786,126.7065544,1.698046666,2748.870178
444,0.860380419,-1.758463136,0.118175861,134.9578597,1.640187875,2751.912689
444.5,1.026599416,-1.716962351,0.001232807,143.2182232,1.736249695,2755.147821
445,1.227183543,-1.67032005,-0.124883029,151.4898912,1.881892443,2759.527441
445.5,1.393842524,-1.578949189,-0.237583913,159.7749337,1.634785601,2763.452924
446,1.446113705,-1.422269222,-0.328996504,168.0691346,1.563511451,2765.904344
446.5,1.524962357,-1.24891507,-0.435772584,176.3705879,1.682051116,2768.583925
447,1.603480358,-1.055989645,-0.527495729,184.6800583,1.437092754,2770.68362
447.5,1.592990588,-0.807099351,-0.570732225,192.9923121,1.172209695,2770.405788
448,1.568104245,-0.528109552,-0.599022762,201.3013532,1.194722189,2768.988163
448.5,1.543334027,-0.247817985,-0.645636422,209.605874,1.095469559,2767.203395
449,1.442758207,0.029175896,-0.632691916,217.9033426,0.933289425,2764.187584
449.5,1.333833382,0.301482144,-0.613461212,226.1900413,0.89384806,2760.213639
450,1.180327329,0.598907582,-0.6267411,234.4644855,0.907531014,2756.100781
450.5,0.970201026,0.856021525,-0.602820046,242.7267429,0.918266751,2752.084794
451,0.755026432,1.106918612,-0.527590096,250.9776633,1.054078564,2748.737818
451.5,0.495512537,1.318941071,-0.51465272,259.2203186,1.166532174,2746.539619
452,0.220273721,1.468640162,-0.482060293,267.4577183,1.230252827,2745.158747
452.5,-0.029979446,1.589271685,-0.382107602,275.6923681,1.401924382,2744.874935
453,-0.336665588,1.683187727,-0.311253748,283.9288645,1.635464235,2746.487747
453.5,-0.627379421,1.748348716,-0.22353284,292.1722914,1.612723132,2749.097349
454,-0.830737507,1.739307566,-0.115166309,300.4233427,1.610045031,2751.601017
454.5,-1.036921256,1.723168615,0.003673707,308.6832788,1.905822743,2755.485964
455,-1.259470174,1.683827292,0.12033279,316.9572378,1.815333098,2760.350206
455.5,-1.360738672,1.561570729,0.224861616,325.2439018,1.585076741,2763.73621
456,-1.437718833,1.415466767,0.338803175,333.53902,1.677241549,2766.487168
456.5,-1.557591886,1.258385492,0.447262528,341.8430438,1.629763063,2769.457176
457,-1.586797394,1.052210758,0.516604167,350.1542005,1.340505354,2770.864638
457.5,-1.575809651,0.800425218,0.560050576,358.4665449,1.268633998,2770.585365
458,-1.58580925,0.530524135,0.62129475,6.777047969,1.199390964,2769.641375
458.5,-1.539097394,0.26209206,0.642100293,15.08311339,0.996170672,2767.417601
459,-1.436931455,-0.038867067,0.607614828,23.38048347,0.973149775,2764.12372
459.5,-1.344061675,-0.313142286,0.633903568,31.66767398,0.96069777,2760.648113
460,-1.177682284,-0.58751582,0.633740516,39.94381801,0.857843809,2756.618373
460.5,-0.974032414,-0.858331,0.571399647,48.20720474,0.926149918,2752.409153
461,-0.758568011,-1.11038159,0.539586342,56.45946862,1.117274176,2749.395623
461.5,-0.479006567,-1.309032284,0.528696332,64.70459326,1.145237982,2747.396878
462,-0.243407568,-1.461920285,0.461532211,72.94437325,1.230488738,2745.921501
462.5,0.035508573,-1.594888135,0.383127338,81.18152662,1.446537153,2745.850479
463,0.355357513,-1.691553887,0.327825992,89.42118687,1.595636177,2747.490199
463.5,0.601378232,-1.730227332,0.220912001,97.66694295,1.545880536,2749.605057
464,0.821562271,-1.733950968,0.105142131,105.9193665,1.710966082,2752.269225
464.5,1.073743766,-1.738717729,-0.00245857,114.1819302,1.836549847,2756.305326
465,1.239352751,-1.675237242,-0.106947665,122.4570517,1.675405326,2760.194676
465.5,1.331423453,-1.554622871,-0.227008131,130.7424594,1.696597161,2763.445143
466,1.47215738,-1.42764666,-0.351853006,139.0379733,1.726417319,2766.94633
466.5,1.555776721,-1.266886155,-0.440303759,147.3431185,1.475603076,2769.428668
467,1.560609077,-1.040481192,-0.505059872,155.6528557,1.363482214,2770.22136
467.5,1.590276942,-0.796751965,-0.578708739,163.9640965,1.400792274,2770.663886
468,1.597339222,-0.545134765,-0.628098023,172.2757785,1.136552701,2770.045967
468.5,1.523406912,-0.260048841,-0.6172628,180.5823307,0.965361226,2767.386453
469,1.44413445,0.043350464,-0.61732176,188.8795059,1.013379029,2764.13561
469.5,1.342117499,0.312200273,-0.648376304,197.167096,0.958138083,2760.836355
470,1.170985119,0.580269042,-0.610842499,205.4437518,0.851221675,2756.764808
470.5,0.981319041,0.865498503,-0.561659093,213.7076379,0.952052009,2752.646299
471,0.740850462,1.11009814,-0.567028454,221.9605273,1.046818899,2749.425534
471.5,0.488090118,1.297998059,-0.51471836,230.2049053,1.107207262,2746.918999
472,0.250606383,1.469453356,-0.441863509,238.4431418,1.284001115,2745.512982
472.5,-0.054369696,1.604413616,-0.409987953,246.6794455,1.420576101,2745.569276
473,-0.341646331,1.684249598,-0.321103035,254.9175009,1.484969861,2746.568966
473.5,-0.581796258,1.717080314,-0.207706299,263.159791,1.61844239,2748.500395
474,-0.84877047,1.75260134,-0.108345749,271.4100638,1.8164441,2751.992415
474.5,-1.078738851,1.747318271,-0.005824883,279.6719961,1.668207556,2755.735013
475,-1.202166873,1.658128754,0.107832843,287.9439265,1.695978805,2758.930159
475.5,-1.349613786,1.558619141,0.239311465,296.226564,1.876602239,2763.112238
476,-1.494768619,1.44066047,0.352216446,304.5224164,1.652622853,2767.110801
476.5,-1.529723428,1.251588202,0.426112105,312.8270846,1.41479758,2768.965203
477,-1.561009045,1.032981316,0.511035564,321.1353724,1.473404471,2769.984464
477.5,-1.612972856,0.8050938,0.586928103,329.4467077,1.353616148,2770.719998
478,-1.580621578,0.548295119,0.613851585,337.7578909,1.087765474,2769.654009
478.5,-1.515281997,0.250067944,0.606201779,346.0631291,1.03411135,2767.085346
479,-1.450772551,-0.04221328,0.648270537,354.3598553,0.973594767,2763.968952
479.5,-1.327811119,-0.310349274,0.638547292,2.646249972,0.888994076,2760.159734
480,-1.174580179,-0.588731721,0.595078657,10.92049233,0.908579131,2756.02919
480.5,-0.9851287,-0.871873318,0.593205605,19.18271906,0.955638532,2752.192591
481,-0.734806899,-1.096153647,0.565396233,27.43397777,0.98238353,2748.685881
481.5,-0.511490265,-1.302414699,0.493878993,35.67576725,1.158050713,2746.112076
482,-0.233737645,-1.48059209,0.457692735,43.912412,1.360888964,2745.30005
482.5,0.064829652,-1.60143754,0.415179725,52.14858543,1.375586141,2745.505909
483,0.317647937,-1.672990895,0.307097696,60.3859069,1.458466479,2746.171212
483.5,0.601499126,-1.721755909,0.211322982,68.62737987,1.752558032,2748.603674
484,0.872441286,-1.76820476,0.114736948,76.87894992,1.759276884,2752.457116
484.5,1.045312211,-1.727959201,0.008622514,85.14149902,1.615199922,2755.68702
485,1.197035007,-1.655529916,-0.120449562,93.41339631,1.826005414,2759.241189
485.5,1.390779447,-1.570842741,-0.243683955,101.6978749,1.810448414,2763.724076
486,1.473452994,-1.428519219,-0.339472565,109.9944687,1.54971325,2766.934932
486.5,1.511449869,-1.248226618,-0.4252225,118.2981262,1.517824936,2768.787545
487,1.589576789,-1.044147103,-0.525840513,126.6068991,1.485632455,2770.345219
487.5,1.608341622,-0.81268495,-0.584931724,134.9188667,1.232090967,2770.572063
488,1.563783785,-0.538081959,-0.596578368,143.2287984,1.158296933,2769.265881
488.5,1.533076336,-0.241388113,-0.630693821,151.5338579,1.104773763,2767.355616
489,1.452290588,0.034411522,-0.652779147,159.831726,0.902412554,2764.23926
489.5,1.330086321,0.305872903,-0.615066393,168.1182425,0.883387667,2760.071949
490,1.18160853,0.598954727,-0.602988678,176.3925302,0.986185515,2756.277105
490.5,0.97317623,0.860540091,-0.608844746,184.6562165,0.953138923,2752.793575
491,0.746296977,1.094356689,-0.540368593,192.9093298,0.997296438,2749.348171
491.5,0.511397705,1.311725772,-0.496396137,201.1534177,1.193949748,2747.014952
492,0.214895541,1.478558168,-0.484290232,209.3929148,1.318546807,2746.177068
492.5,-0.046322948,1.591684939,-0.400382346,217.6312072,1.349479147,2746.066348
493,-0.318570243,1.673633169,-0.298470506,225.8702262,1.513557086,2746.868915
493.5,-0.625611025,1.740614985,-0.225373401,234.1140755,1.702094364,2749.326222
494,-0.853648297,1.752761555,-0.11876059,242.3668141,1.645421706,2752.414073
494.5,-1.024109786,1.715109635,0.00193603,250.6287164,1.732520256,2755.658421
495,-1.236770487,1.673285679,0.124260846,258.9016964,1.841682659,2759.834638
495.5,-1.386268051,1.575208894,0.232104083,267.1873,1.637727907,2763.58664
496,-1.439800223,1.421544767,0.329124891,275.4820759,1.594768888,2766.198235
496.5,-1.533227496,1.254483667,0.44049311,283.7846582,1.672017291,2768.978635
497,-1.602030912,1.057679951,0.52547014,292.0949822,1.385863535,2770.793578
497.5,-1.586955007,0.804484504,0.566610154,300.4071474,1.185088872,2770.336218
498,-1.572607306,0.526281496,0.604309954,308.7163516,1.24875405,2769.230939
498.5,-1.545826166,0.252737069,0.646499082,317.0220397,1.080883631,2767.632334
499,-1.441293276,-0.029405943,0.622544196,325.3204937,0.8972468,2764.381839
499.5,-1.335839251,-0.302871898,0.616054284,333.607515,0.910095955,2760.315613
500,-1.179438926,-0.595510163,0.631476529,341.8825611,0.938337279,2756.423099
500.5,-0.970574842,-0.853162912,0.594839222,350.1460866,0.920526237,2752.563588
501,-0.757684952,-1.107508572,0.527711973,358.398418,1.043376864,2749.179442
501.5,-0.490245179,-1.316919363,0.520254837,6.642185196,1.141796292,2746.817238
502,-0.224943331,-1.465667261,0.479762892,14.88024006,1.24140587,2745.373647
502.5,0.028615799,-1.591440637,0.37860256,23.11573926,1.423187599,2745.242241
503,0.340667424,-1.685020615,0.315181927,31.35331754,1.588111249,2746.734865
503.5,0.622626031,-1.744524493,0.223557555,39.59683826,1.56859189,2748.917301
504,0.823909733,-1.735979066,0.113301921,47.84715699,1.657609115,2751.435387
504.5,1.044386664,-1.72881792,-0.004696941,56.10707889,1.914289814,2755.581779
505,1.259810885,-1.686655768,-0.117928173,64.38106094,1.7415552,2760.141446
505.5,1.350656923,-1.558066183,-0.223272084,72.6665414,1.613743953,2763.314942
506,1.441987537,-1.414547351,-0.342134218,80.96100411,1.750806394,2766.54195
506.5,1.560503914,-1.262400135,-0.447620028,89.26585148,1.623362525,2769.827343
507,1.581933095,-1.049400452,-0.51270093,97.57790983,1.30787785,2771.054405
507.5,1.575858457,-0.7980245,-0.56067668,105.8905289,1.2706791,2770.63248
508,1.591244836,-0.531820215,-0.623724592,114.2011748,1.19568067,2769.680601
508.5,1.53487093,-0.264208922,-0.635325071,122.5074012,1.012798968,2767.5174
509,1.435529529,0.039176513,-0.604670427,130.8051625,0.959402983,2764.237535
509.5,1.342971384,0.311974694,-0.640193656,139.0923739,0.919456021,2760.505198
510,1.174488234,0.585340246,-0.630959165,147.3677078,0.859039035,2756.287002
510.5,0.976659764,0.8617169,-0.567615913,155.6302244,0.95087447,2752.197263
511,0.755948919,1.113011803,-0.546707421,163.8820004,1.099694163,2749.21652
511.5,0.478983627,1.30453538,-0.525814488,172.1262349,1.105099175,2746.947096
512,0.247038089,1.461428614,-0.453524569,180.3643538,1.244816055,2745.348529
512.5,-0.03923402,1.596970052,-0.388195647,188.6001763,1.50175755,2745.600184
513,-0.356027834,1.69359784,-0.32710242,196.8394477,1.562871578,2747.344576
513.5,-0.594967079,1.726588271,-0.21891267,205.0843183,1.515468108,2749.163514
514,-0.826448809,1.734853764,-0.106302966,213.3353904,1.766785097,2751.944073
514.5,-1.080634865,1.740358953,0.000272648,221.5975382,1.845089017,2756.280118
515,-1.230350932,1.670434375,0.105889596,229.8725416,1.649048306,2760.086636
515.5,-1.330407999,1.553386608,0.230217351,238.1575236,1.727720181,2763.358782
516,-1.481488379,1.428513229,0.352127676,246.4530503,1.72250572,2766.986946
516.5,-1.550493902,1.2647019,0.436653881,254.7582622,1.471460648,2769.432036
517,-1.557007025,1.039787891,0.505827343,263.0681102,1.393314497,2770.34484
517.5,-1.59382962,0.798297723,0.582200719,271.3798424,1.366829666,2770.768797
518,-1.594613227,0.546173789,0.628259152,279.6913208,1.093397621,2769.790527
518.5,-1.518788186,0.256979839,0.612833633,287.9969156,1.011306989,2767.142276
519,-1.448108643,-0.0452446,0.626138655,296.2938938,1.036462094,2764.21336
519.5,-1.341939259,-0.312302667,0.648046914,304.5817419,0.916991461,2760.830593
520,-1.169848998,-0.582104105,0.605501653,312.8580183,0.856020874,2756.588819
520.5,-0.98310813,-0.867171938,0.566157144,321.1216168,0.994232517,2752.688989
521,-0.737448124,-1.107017794,0.569262022,329.3751422,1.07095838,2749.779094
521.5,-0.49304823,-1.297066976,0.508514291,337.6207981,1.104728967,2747.376012
522,-0.248443427,-1.47082111,0.443031639,345.8603296,1.271976681,2745.904281
522.5,0.059725809,-1.604777397,0.415524892,354.0977645,1.434980167,2745.973207
523,0.335200109,-1.681929906,0.319170093,2.337170326,1.485318282,2747.043623
523.5,0.582204774,-1.716049735,0.204845156,10.58080902,1.600917625,2748.896834
524,0.856198794,-1.757511446,0.110949051,18.83196589,1.785712183,2752.164608
524.5,1.071580819,-1.743020484,0.008214173,27.09416582,1.676296801,2755.801538
525,1.196734054,-1.656045083,-0.111198661,35.36649949,1.723396905,2759.162839
525.5,1.360928183,-1.563900043,-0.24241367,43.64998995,1.854532036,2763.371239
526,1.491528439,-1.44008205,-0.349521279,51.94613967,1.593771629,2766.992387
526.5,1.52254499,-1.249573604,-0.423732305,60.25002319,1.440924062,2768.692446
527,1.566702681,-1.035110612,-0.51527827,68.55804973,1.540828071,2770.147883
527.5,1.616371525,-0.81010706,-0.588582905,76.87036263,1.322637995,2771.055468
528,1.576771741,-0.546200079,-0.609185468,85.18208271,1.04863029,2769.663229
528.5,1.518936189,-0.245799933,-0.609156965,93.4870871,1.05660515,2767.016086
529,1.45275555,0.040859253,-0.652049358,101.7839424,1.000888117,2764.132142
529.5,1.326005953,0.308235467,-0.63032801,110.071077,0.887601885,2760.445241
530,1.176068635,0.589269305,-0.593662686,118.3461268,0.900372827,2756.271232
530.5,0.981497684,0.868739392,-0.599615947,126.6089339,0.940574659,2752.326695
531,0.735997751,1.095273787,-0.563202761,134.8605278,0.99803298,2748.823057
531.5,0.515265161,1.30597936,-0.493404661,143.1029671,1.177562489,2746.414311
532,0.22922142,1.48075793,-0.463318188,151.3404364,1.303831524,2745.428263
532.5,-0.062903273,1.597271255,-0.412338936,159.576343,1.350177753,2745.248533
533,-0.313526865,1.670546472,-0.302626767,167.812848,1.500393658,2745.989225
533.5,-0.606669052,1.727150693,-0.213445721,176.0542023,1.760401975,2748.653904
534,-0.87160615,1.769717771,-0.115369573,184.3056985,1.695334693,2752.24562
534.5,-1.036666696,1.723021055,-0.008183584,192.5671814,1.651037661,2755.342637
535,-1.203370444,1.657930657,0.121408785,200.8387011,1.895207559,2759.38646
535.5,-1.394920704,1.575735717,0.242813363,209.1241741,1.791117876,2764.104248
536,-1.466066109,1.425561015,0.335795712,217.4216129,1.524395856,2767.1083
536.5,-1.51289723,1.247061744,0.426554649,225.7256439,1.5369825,2768.932385
537,-1.595302131,1.046013092,0.526162151,234.035046,1.488855352,2770.595287
537.5,-1.603931061,0.812465449,0.580080342,242.3477907,1.230976926,2770.833238
538,-1.561805695,0.537019285,0.593405672,250.6584258,1.14303897,2769.451565
538.5,-1.5349035,0.243559778,0.636234302,258.9637134,1.06473767,2767.28325
539,-1.448167461,-0.032211447,0.648519754,267.2610191,0.908822228,2764.008765
539.5,-1.331839044,-0.303964491,0.613323176,275.547027,0.910137691,2759.995293
540,-1.182998793,-0.602064534,0.61044067,283.8212408,0.966129669,2756.231765
540.5,-0.972011147,-0.857038821,0.606694908,292.0844283,0.915649207,2752.478922
541,-0.748363753,-1.097799521,0.53374793,300.3363124,1.011808094,2748.924156
541.5,-0.505170812,-1.313376473,0.497252497,308.5794736,1.239460411,2746.869713
542,-0.214649988,-1.476518229,0.485624032,316.8188165,1.287833282,2746.101023
542.5,0.040022869,-1.59035265,0.39547007,325.0564979,1.32897913,2745.750562
543,0.322913625,-1.674428795,0.301612853,333.2945858,1.558589557,2746.666065
543.5,0.627715571,-1.74372835,0.22631785,341.5382985,1.713273015,2749.385706
544,0.845924288,-1.748375941,0.118903774,349.7911597,1.610869744,2752.365015
544.5,1.024219812,-1.715741109,-0.003035612,358.0527745,1.771639318,2755.630298
545,1.246188965,-1.675202957,-0.122688352,6.326037091,1.842058204,2759.991189
545.5,1.379070682,-1.571079526,-0.228840119,14.61210426,1.635314571,2763.734688
546,1.436959606,-1.420682379,-0.33104583,22.90744612,1.625444775,2766.479083
546.5,1.539906411,-1.256598943,-0.442330949,31.21092377,1.621584431,2769.16849
547,1.599028593,-1.05696192,-0.524119926,39.52117264,1.348531855,2770.57348
547.5,1.581865055,-0.803028436,-0.562026674,47.83256918,1.237090974,2770.183001
548,1.576224778,-0.527031444,-0.611360942,56.14186746,1.263470491,2769.389331
548.5,1.546565812,-0.25680296,-0.647080542,64.44795658,1.035180662,2767.647068
549,1.439701182,0.033454489,-0.617208291,72.74606704,0.905677299,2764.22198
549.5,1.338315968,0.306241169,-0.619405112,81.0329179,0.959725531,2760.426331
550,1.179412685,0.593193117,-0.63348113,89.30884451,0.956117432,2756.850171
550.5,0.972044611,0.852245347,-0.586910556,97.57377765,0.911222735,2753.032743
551,0.759414339,1.108155273,-0.529310399,105.8273907,1.034375489,2749.565011
551.5,0.484071005,1.315414103,-0.525012344,114.0722973,1.155628822,2747.226843
552,0.229749424,1.464710729,-0.47625211,122.3117169,1.242291666,2745.853865
552.5,-0.029075105,1.592217046,-0.376613922,130.5485296,1.393531417,2745.590034
553,-0.347011102,1.687534135,-0.320891629,138.7867569,1.562651609,2746.826014
553.5,-0.616572181,1.739375463,-0.222875841,147.0303645,1.579613648,2748.940757
554,-0.820261766,1.733996957,-0.109311985,155.2809492,1.67746608,2751.603245
554.5,-1.053275991,1.733993517,0.00596224,163.5414352,1.887241297,2755.716994
555,-1.255723097,1.68472068,0.114207811,171.815307,1.685112993,2759.8866
555.5,-1.342595461,1.556430714,0.22285744,180.0996558,1.648590519,2762.957217
556,-1.450670158,1.418823621,0.346520505,188.3935961,1.799559813,2766.573605
556.5,-1.562543291,1.265676088,0.448158522,196.6987664,1.574406245,2769.858977
557,-1.575972256,1.045378647,0.510596533,205.0103236,1.278129486,2770.718002
557.5,-1.578513012,0.793871401,0.564581921,213.3218494,1.312835083,2770.351983
558,-1.594903561,0.535052851,0.62592751,221.6321194,1.211409011,2769.669841
558.5,-1.531892816,0.265920033,0.628066491,229.9383923,0.998022558,2767.511603
559,-1.436120487,-0.040248061,0.604928136,238.2359817,0.955861719,2764.146036
559.5,-1.34176041,-0.311145746,0.644465256,246.5228821,0.918905099,2760.394002
560,-1.171958828,-0.584508029,0.628258692,254.7979791,0.880988055,2756.275401
560.5,-0.978627096,-0.864131868,0.564743713,263.0607426,0.967214817,2752.364934
561,-0.752895533,-1.113354102,0.55245069,271.3129045,1.041661604,2749.190235
561.5,-0.480284011,-1.301626594,0.523782465,279.5564287,1.086161074,2746.560237
562,-0.249222525,-1.462598094,0.447388137,287.793374,1.28064874,2745.038328
562.5,0.043151168,-1.60050663,0.394235938,296.0286072,1.50357252,2745.464955
563,0.354687615,-1.693291562,0.325469873,304.2672514,1.511909528,2746.979245
563.5,0.588348274,-1.722071634,0.216254441,312.5106966,1.54744781,2748.707381
564,0.833419002,-1.73949159,0.108275765,320.7610035,1.832607666,2751.943351
564.5,1.084815943,-1.745417104,0.001230199,329.0236183,1.813612082,2756.441001
565,1.221273649,-1.666046906,-0.105656567,337.2987289,1.631247695,2760.01801
565.5,1.332136549,-1.551996345,-0.233094186,345.5834755,1.757220216,2763.344126
566,1.487578122,-1.430825883,-0.352208758,353.8792895,1.734420288,2767.166071
566.5,1.545198439,-1.261239898,-0.433065978,2.185108724,1.462220217,2769.624805
567,1.554988248,-1.039232939,-0.505500782,10.49536754,1.375692478,2770.412769
567.5,1.601059913,-0.798633613,-0.584872961,18.8069898,1.334951308,2770.605194
568,1.590454869,-0.547047132,-0.625578601,27.11773084,1.104748784,2769.529754
568.5,1.516178369,-0.254599293,-0.609648732,35.42278952,1.041701982,2767.075515
569,1.449698945,0.045515527,-0.635008732,43.7197617,1.017251452,2764.199043
569.5,1.338130508,0.310725367,-0.646026962,52.00718887,0.874494036,2760.527663
570,1.170118479,0.585588964,-0.602261899,60.28220319,0.865974645,2756.131801
570.5,0.985269504,0.868930819,-0.572896278,68.54469417,1.031455439,2752.450438
571,0.736298792,1.104262957,-0.569943834,76.79770053,1.038819798,2749.563788
571.5,0.498862764,1.296826109,-0.501990404,85.042353,1.092697065,2746.953232
572,0.244909146,1.472523127,-0.445082341,93.28067818,1.310011488,2745.600937
572.5,-0.063169871,1.604690664,-0.418059218,101.517647,1.45427904,2745.937041
573,-0.329270671,1.680135894,-0.317245918,109.7570014,1.458813543,2746.974156
573.5,-0.586311887,1.716517145,-0.204930887,118.0003254,1.631203742,2748.844697
574,-0.863226418,1.761147535,-0.113758647,126.2516223,1.788703458,2752.267954
574.5,-1.063685772,1.737767718,-0.009619606,134.5141431,1.672356693,2755.901199
575,-1.194605232,1.655695004,0.115443554,142.7868695,1.751175598,2759.374419
575.5,-1.370884514,1.567419588,0.243411028,151.0709973,1.799271209,2763.455367
576,-1.488444959,1.437944594,0.346588146,159.3667476,1.564718664,2766.682196
576.5,-1.517391972,1.249664693,0.422843829,167.6696283,1.484223755,2768.446813
577,-1.572689973,1.039269907,0.520662315,175.9773299,1.542741087,2770.112871
577.5,-1.617068394,0.812358718,0.590040745,184.2893065,1.269229395,2770.779856
578,-1.571709301,0.542571056,0.60465198,192.5997873,1.067636302,2769.225062
578.5,-1.525252093,0.241395147,0.614290328,200.9038881,1.107244043,2766.901574
579,-1.455198828,-0.039652947,0.654121381,209.200874,1.001035134,2764.255395
579.5,-1.326172235,-0.306777392,0.62343576,217.4883064,0.871552203,2760.495103
580,-1.177455336,-0.591104511,0.594631526,225.7633426,0.897527633,2756.23276
580.5,-0.976919614,-0.86652616,0.605023861,234.0261256,0.965909845,2752.393084
581,-0.739068413,-1.095392959,0.559417525,242.2781722,1.001457648,2749.024477
581.5,-0.516524845,-1.307929791,0.492670769,250.5211195,1.149766435,2746.502849
582,-0.223080284,-1.481706859,0.471647642,258.7584488,1.272585299,2745.240744
582.5,0.059753783,-1.59433703,0.409107029,266.9935816,1.367890417,2744.996343
583,0.312725787,-1.670800975,0.298233501,275.2295733,1.517428856,2745.898389
583.5,0.613091593,-1.733021441,0.216171455,283.470681,1.731914722,2748.509454
584,0.867863566,-1.765971641,0.116528864,291.7212642,1.649902181,2751.754673
584.5,1.031616362,-1.720240487,0.005802142,299.9810341,1.691344491,2754.824952
585,1.214842289,-1.664001953,-0.123575696,308.2515579,1.934565363,2759.23923
585.5,1.396522498,-1.57913527,-0.241655265,316.5366384,1.722968931,2763.822492
586,1.457876526,-1.423075272,-0.333156763,324.8325382,1.512594803,2766.451116
586.5,1.517150028,-1.24517774,-0.430032096,333.1348368,1.61283912,2768.571368
587,1.599869411,-1.050345063,-0.527151018,341.4439132,1.499589684,2770.638453
587.5,1.599773981,-0.81147604,-0.575248223,349.7567264,1.196103724,2770.764492
588,1.562945194,-0.533561458,-0.59429185,358.0669079,1.159937207,2769.298222
588.5,1.538530023,-0.245240891,-0.642426017,6.371928638,1.072579177,2767.244832
589,1.444406218,0.030726439,-0.642607023,14.66930363,0.932573349,2764.118211
589.5,1.332840343,0.303010722,-0.613174138,22.95592495,0.923398191,2760.278632
590,1.182329861,0.601907223,-0.616489663,31.23087606,0.915042438,2756.339691
590.5,0.970289359,0.856265106,-0.606159604,39.49381219,0.894678191,2752.249852
591,0.751182345,1.102573923,-0.530090575,47.74497613,1.04721651,2748.760966
591.5,0.503569186,1.316761466,-0.506153476,55.98793607,1.230599253,2746.830163
592,0.215818124,1.474041268,-0.48499561,64.22686987,1.243370311,2745.812125
592.5,-0.034139062,1.588286653,-0.388889494,72.46343546,1.365059819,2745.420721
593,-0.328431392,1.676852393,-0.305575138,80.70114638,1.618011026,2746.781503
593.5,-0.629985609,1.748622826,-0.225400324,88.9456136,1.681397799,2749.631411
594,-0.839470219,1.743784463,-0.117883024,97.19883449,1.593351391,2752.380962
594.5,-1.027625105,1.717151516,0.003912347,105.4605163,1.810886427,2755.747478
595,-1.253221862,1.677219859,0.121212647,113.7345283,1.848539435,2760.322972
595.5,-1.372249646,1.567127917,0.226885008,122.0216104,1.625930053,2764.054705
596,-1.435201189,1.419598892,0.333261866,130.317782,1.615895148,2766.711823
596.5,-1.54898031,1.25636797,0.444703144,138.6217893,1.604393856,2769.276921
597,-1.594227841,1.055596003,0.521646754,146.9322342,1.355174195,2770.632758
597.5,-1.577768137,0.802492112,0.559778367,155.2439821,1.260893655,2770.384839
598,-1.58016655,0.52871101,0.617413192,163.5540076,1.241577452,2769.601224
598.5,-1.543802422,0.260345217,0.645119353,171.860334,0.993436957,2767.562169
599,-1.438200886,-0.036910823,0.611785227,180.1579066,0.92881966,2764.049105
599.5,-1.342641105,-0.308295993,0.626160474,188.4446009,0.991255573,2760.508311
600,-1.179936614,-0.590290326,0.633808237,196.7209049,0.920944384,2756.915978
600.5,-0.973098922,-0.853657357,0.579091332,204.9856209,0.892724478,2752.847722
601,-0.759873476,-1.10789624,0.533080338,213.2386748,1.070912674,2749.463079
601.5,-0.480586487,-1.312606642,0.528172942,221.4837467,1.183469844,2747.425811
602,-0.2367996,-1.463577953,0.471446608,229.7239468,1.225425905,2746.105635
602.5,0.03164024,-1.593033567,0.378470833,237.9614229,1.407157928,2745.827815
603,0.352234257,-1.688707589,0.3251926,246.2005651,1.578228651,2747.20137
603.5,0.609194844,-1.734299053,0.222011067,254.4454557,1.581464972,2749.399495
604,0.819414347,-1.733357583,0.106345246,262.6975223,1.69567775,2752.15792
604.5,1.060718658,-1.736864135,-0.005070757,270.9596355,1.842185666,2756.148603
605,1.249556318,-1.681151518,-0.110236906,279.2342839,1.663784401,2760.009211
605.5,1.336567412,-1.555579832,-0.223950835,287.5189736,1.685517077,2763.152662
606,1.458148689,-1.423914812,-0.349573147,295.8137154,1.77154828,2766.811707
606.5,1.561457828,-1.267008166,-0.446071527,304.1190197,1.505900776,2769.646657
607,1.568072633,-1.042474413,-0.507104754,312.4294666,1.314344765,2770.352838
607.5,1.58265615,-0.79322698,-0.570283979,320.7405439,1.37948696,2770.466205
608,1.597422586,-0.540386233,-0.62711392,329.0516914,1.192131213,2770.007125
608.5,1.528470604,-0.264926327,-0.622447713,337.3586791,0.972362161,2767.640516
609,1.438992059,0.040719301,-0.608366225,345.6563999,0.952499569,2764.139286
609.5,1.340981164,0.311433773,-0.646915688,353.9433781,0.946720344,2760.501332
610,1.17093459,0.582309483,-0.621126987,2.219085159,0.886790865,2756.540673
610.5,0.980290101,0.863711776,-0.561187187,10.48258169,0.941720417,2752.539523
611,0.747301458,1.112616187,-0.559841934,18.7348992,1.013693594,2749.115272
611.5,0.482927153,1.3000766,-0.520867563,26.9780295,1.106167771,2746.447198
612,0.250417364,1.465803522,-0.442529598,35.21488106,1.293363471,2745.077802
612.5,-0.04801312,1.603599759,-0.400962307,43.45015936,1.462327219,2745.371452
613,-0.349720111,1.688774507,-0.323455835,51.68798647,1.479771645,2746.541799
613.5,-0.584003024,1.718957509,-0.212972494,59.92998109,1.582940773,2748.283084
614,-0.841142386,1.745685334,-0.108013515,68.17952002,1.87024905,2751.859422
614.5,-1.083776777,1.748151147,-0.002518404,76.44191367,1.744841991,2756.211813
615,-1.212409033,1.662008982,0.10626416,84.71570409,1.633708745,2759.477391
615.5,-1.337219596,1.552915785,0.235526104,92.99922414,1.837802864,2763.189094
616,-1.491616693,1.435267727,0.352199929,101.2953008,1.729040003,2767.362975
616.5,-1.539442181,1.257023677,0.429954918,109.6014876,1.424670255,2769.622421
617,-1.555611134,1.035750331,0.506815733,117.9115377,1.407741625,2770.384235
617.5,-1.608033923,0.799599108,0.585826262,126.2233887,1.338235269,2770.741772
618,-1.585170788,0.547709868,0.620350788,134.5346192,1.114905624,2769.730105
618.5,-1.514266503,0.25282432,0.607607651,142.8404295,1.053314615,2767.378655
619,-1.449529098,-0.043228369,0.640585246,151.1381985,0.96951422,2764.334658
619.5,-1.333036145,-0.310704372,0.644672708,159.4255066,0.857304513,2760.359773
620,-1.172162181,-0.588085331,0.599869233,167.7000179,0.900920739,2756.045649
620.5,-0.986644521,-0.871318326,0.5806552,175.9624969,1.014437751,2752.447966
621,-0.734545887,-1.100202588,0.568826856,184.2151457,0.997854421,2749.290244
621.5,-0.506401758,-1.297023383,0.497942163,192.4587457,1.125495112,2746.639773
622,-0.24060726,-1.475000708,0.448942129,200.6966548,1.357098028,2745.659771
622.5,0.065573807,-1.605373394,0.418238485,208.9341464,1.433914218,2746.121901
623,0.323850519,-1.676533278,0.312878445,217.1737939,1.443199393,2746.991748
623.5,0.592713062,-1.717123794,0.207195853,225.4171556,1.659273916,2748.920281
624,0.867993191,-1.763399085,0.115221359,233.6689952,1.800066625,2752.528436
624.5,1.055903467,-1.733684448,0.009539261,241.9323375,1.657736585,2756.147913
625,1.193197922,-1.655271645,-0.117964305,250.2056956,1.756842812,2759.580246
625.5,1.381225645,-1.56741273,-0.243750606,258.4904638,1.792621135,2763.657363
626,1.482264938,-1.433959004,-0.343696249,266.7867725,1.567574489,2766.867267
626.5,1.512739009,-1.249664494,-0.422622479,275.0903206,1.502269293,2768.730384
627,1.579400235,-1.042854208,-0.523826343,283.3989159,1.5154515,2770.354567
627.5,1.613971958,-0.813691157,-0.587662911,291.7111847,1.23089377,2770.715474
628,1.567555262,-0.540746107,-0.600774635,300.021305,1.108714546,2769.172617
628.5,1.530563059,-0.240405356,-0.621597496,308.325785,1.140004117,2767.194344
629,1.454952975,0.037209111,-0.65309468,316.6237894,0.96493255,2764.534446
629.5,1.327626256,0.305949099,-0.61834246,324.9116327,0.852130347,2760.515541
630,1.178938473,0.593886208,-0.596071943,333.1867659,0.944114416,2756.37982
